_id,highestPrice,lowestPrice,highest_in_12_30_to_12_55,lowest_in_12_30_to_12_55,成交日期,high_low_diff,high_low_diff1230-1255,highestPriceTime,lowestPriceTime,highest_in_12_30_to_12_55_time,lowest_in_12_30_to_12_55_time,20天平均,20天平均_1230-1255,年,月,日,種類,結算日,到期月份(週別),highestPriceTime_cal,lowestPriceTime_cal,時間差
2024-08-07,21335.0,21176.0,21335.0,21255.0,2024-08-07,159.0,80.0,2024-08-07 12:32:00,2024-08-07 13:03:00,2024-08-07 12:32:00,2024-08-07 12:49:00,160.0,92.4,2024,08,07,TX1,2024-08-07,202408W1,212,243,-31
2024-07-31,22314.0,22186.0,22271.0,22208.0,2024-07-31,128.0,63.0,2024-07-31 12:01:00,2024-07-31 12:27:00,2024-07-31 12:44:00,2024-07-31 12:31:00,108.0,58.7,2024,07,31,TX5,2024-07-31,202407W5,181,207,-26
2024-07-26,22131.0,22068.0,22116.0,22080.0,2024-07-26,63.0,36.0,2024-07-26 13:30:00,2024-07-26 12:05:00,2024-07-26 12:31:00,2024-07-26 12:48:00,99.25,55.7,2024,07,26,TX4,2024-07-26,202407W4,270,185,85
2024-07-17,23828.0,23647.0,23802.0,23649.0,2024-07-17,181.0,153.0,2024-07-17 12:02:00,2024-07-17 12:56:00,2024-07-17 12:30:00,2024-07-17 12:53:00,96.85,47.8,2024,07,17,TXO,2024-07-17,202407,182,236,-54
2024-07-10,24003.0,23888.0,23963.0,23936.0,2024-07-10,115.0,27.0,2024-07-10 13:05:00,2024-07-10 12:12:00,2024-07-10 12:39:00,2024-07-10 12:52:00,90.65,47.3,2024,07,10,TX2,2024-07-10,202407W2,245,192,53
2024-07-03,23155.0,23115.0,23155.0,23140.0,2024-07-03,40.0,15.0,2024-07-03 12:38:00,2024-07-03 13:26:00,2024-07-03 12:38:00,2024-07-03 12:33:00,87.6,44.5,2024,07,03,TX1,2024-07-03,202407W1,218,266,-48
2024-06-26,22888.0,22804.0,22860.0,22830.0,2024-06-26,84.0,30.0,2024-06-26 13:26:00,2024-06-26 12:03:00,2024-06-26 12:32:00,2024-06-26 12:48:00,91.35,47.7,2024,06,26,TX4,2024-06-26,202406W4,266,183,83
2024-06-19,23278.0,23121.0,23214.0,23121.0,2024-06-19,157.0,93.0,2024-06-19 13:05:00,2024-06-19 12:41:00,2024-06-19 12:51:00,2024-06-19 12:41:00,80.85,45.5,2024,06,19,TXO,2024-06-19,202406,245,221,24
2024-06-12,22063.0,21980.0,22026.0,21989.0,2024-06-12,83.0,37.0,2024-06-12 13:29:00,2024-06-12 12:14:00,2024-06-12 12:37:00,2024-06-12 12:34:00,81.7,42.5,2024,06,12,TX2,2024-06-12,202406W2,269,194,75
2024-06-05,21479.0,21410.0,21458.0,21422.0,2024-06-05,69.0,36.0,2024-06-05 13:01:00,2024-06-05 12:19:00,2024-06-05 12:35:00,2024-06-05 12:51:00,83.55,44.5,2024,06,05,TX1,2024-06-05,202406W1,241,199,42
2024-05-29,21795.0,21731.0,21777.0,21749.0,2024-05-29,64.0,28.0,2024-05-29 13:09:00,2024-05-29 13:30:00,2024-05-29 12:54:00,2024-05-29 12:36:00,71.85,39.75,2024,05,29,TX5,2024-05-29,202405W5,249,270,-21
2024-05-22,21613.0,21563.0,21613.0,21580.0,2024-05-22,50.0,33.0,2024-05-22 12:41:00,2024-05-22 12:01:00,2024-05-22 12:41:00,2024-05-22 12:32:00,74.7,39.85,2024,05,22,TX4,2024-05-22,202405W4,221,181,40
2024-05-15,21262.0,21132.0,21216.0,21161.0,2024-05-15,130.0,55.0,2024-05-15 12:17:00,2024-05-15 13:03:00,2024-05-15 12:33:00,2024-05-15 12:55:00,85.65,40.8,2024,05,15,TXO,2024-05-15,202405,197,243,-46
2024-05-08,20736.0,20697.0,20731.0,20697.0,2024-05-08,39.0,34.0,2024-05-08 12:14:00,2024-05-08 12:43:00,2024-05-08 12:31:00,2024-05-08 12:43:00,83.7,41.25,2024,05,08,TX2,2024-05-08,202405W2,194,223,-29
2024-05-02,20335.0,20286.0,20327.0,20304.0,2024-05-02,49.0,23.0,2024-05-02 12:20:00,2024-05-02 13:09:00,2024-05-02 12:36:00,2024-05-02 12:54:00,83.45,38.5,2024,05,02,TX1,2024-05-02,202405W1,200,249,-49
2024-04-24,20202.0,20126.0,20189.0,20152.0,2024-04-24,76.0,37.0,2024-04-24 13:04:00,2024-04-24 12:06:00,2024-04-24 12:55:00,2024-04-24 12:30:00,84.1,39.65,2024,04,24,TX4,2024-04-24,202404W4,244,186,58
2024-04-17,20289.0,20126.0,20180.0,20144.0,2024-04-17,163.0,36.0,2024-04-17 13:03:00,2024-04-17 12:10:00,2024-04-17 12:45:00,2024-04-17 12:32:00,78.75,37.05,2024,04,17,TXO,2024-04-17,202404,243,190,53
2024-04-10,20857.0,20809.0,20843.0,20809.0,2024-04-10,48.0,34.0,2024-04-10 12:00:00,2024-04-10 12:33:00,2024-04-10 12:55:00,2024-04-10 12:33:00,67.65,32.7,2024,04,10,TX2,2024-04-10,202404W2,180,213,-33
2024-04-03,20419.0,20352.0,20395.0,20358.0,2024-04-03,67.0,37.0,2024-04-03 12:02:00,2024-04-03 13:01:00,2024-04-03 12:35:00,2024-04-03 12:55:00,70.45,37.1,2024,04,03,TX1,2024-04-03,202404W1,182,241,-59
2024-03-27,20288.0,20216.0,20288.0,20244.0,2024-03-27,72.0,44.0,2024-03-27 12:53:00,2024-03-27 12:04:00,2024-03-27 12:53:00,2024-03-27 12:31:00,74.15,38.6,2024,03,27,TX4,2024-03-27,202403W4,233,184,49
2024-03-20,19869.0,19731.0,19866.0,19802.0,2024-03-20,138.0,64.0,2024-03-20 12:00:00,2024-03-20 13:16:00,2024-03-20 12:30:00,2024-03-20 12:55:00,70.3,36.0,2024,03,20,TXO,2024-03-20,202403,180,256,-76
2024-03-13,19968.0,19886.0,19940.0,19886.0,2024-03-13,82.0,54.0,2024-03-13 12:00:00,2024-03-13 12:33:00,2024-03-13 12:47:00,2024-03-13 12:33:00,58.5,32.15,2024,03,13,TX2,2024-03-13,202403W2,180,213,-33
2024-03-06,19523.0,19451.0,19521.0,19451.0,2024-03-06,72.0,70.0,2024-03-06 12:24:00,2024-03-06 12:44:00,2024-03-06 12:32:00,2024-03-06 12:44:00,48.3,24.15,2024,03,06,TX1,2024-03-06,202403W1,204,224,-20
2024-02-29,18997.0,18875.0,18959.0,18898.0,2024-02-29,122.0,61.0,2024-02-29 13:11:00,2024-02-29 12:03:00,2024-02-29 12:54:00,2024-02-29 12:31:00,47.9,21.9,2024,02,29,TX4,2024-02-29,202402W4,251,183,68
2024-02-21,18714.0,18659.0,18714.0,18672.0,2024-02-21,55.0,42.0,2024-02-21 12:28:00,2024-02-21 12:59:00,2024-02-21 12:30:00,2024-02-21 12:55:00,40.8,20.4,2024,02,21,TXO,2024-02-21,202402,208,239,-31
2024-02-15,18677.0,18633.0,18656.0,18635.0,2024-02-15,44.0,21.0,2024-02-15 13:25:00,2024-02-15 12:24:00,2024-02-15 12:55:00,2024-02-15 12:41:00,43.05,20.7,2024,02,15,TX1,2024-02-15,202402W1,265,204,61
2024-01-31,17937.0,17904.0,17924.0,17904.0,2024-01-31,33.0,20.0,2024-01-31 13:26:00,2024-01-31 12:39:00,2024-01-31 12:49:00,2024-01-31 12:39:00,41.35,21.0,2024,01,31,TX5,2024-01-31,202401W5,266,219,47
2024-01-24,17931.0,17878.0,17931.0,17913.0,2024-01-24,53.0,18.0,2024-01-24 12:40:00,2024-01-24 13:19:00,2024-01-24 12:40:00,2024-01-24 12:51:00,41.45,21.1,2024,01,24,TX4,2024-01-24,202401W4,220,259,-39
2024-01-17,17207.0,17159.0,17207.0,17177.0,2024-01-17,48.0,30.0,2024-01-17 12:34:00,2024-01-17 13:02:00,2024-01-17 12:34:00,2024-01-17 12:55:00,34.95,20.05,2024,01,17,TXO,2024-01-17,202401,214,242,-28
2024-01-10,17502.0,17453.0,17490.0,17474.0,2024-01-10,49.0,16.0,2024-01-10 12:16:00,2024-01-10 13:28:00,2024-01-10 12:32:00,2024-01-10 12:48:00,33.3,18.9,2024,01,10,TX2,2024-01-10,202401W2,196,268,-72
2024-01-03,17583.0,17539.0,17583.0,17550.0,2024-01-03,44.0,33.0,2024-01-03 12:39:00,2024-01-03 12:00:00,2024-01-03 12:39:00,2024-01-03 12:55:00,35.0,19.7,2024,01,03,TX1,2024-01-03,202401W1,219,180,39
2023-12-27,17869.0,17826.0,17845.0,17832.0,2023-12-27,43.0,13.0,2023-12-27 13:19:00,2023-12-27 12:23:00,2023-12-27 12:39:00,2023-12-27 12:30:00,35.4,18.75,2023,12,27,TX4,2023-12-27,202312W4,259,203,56
2023-12-20,17642.0,17621.0,17642.0,17628.0,2023-12-20,21.0,14.0,2023-12-20 12:21:00,2023-12-20 12:06:00,2023-12-20 12:30:00,2023-12-20 12:37:00,42.85,21.05,2023,12,20,TXO,2023-12-20,202312,201,186,15
2023-12-13,17459.0,17426.0,17457.0,17426.0,2023-12-13,33.0,31.0,2023-12-13 13:23:00,2023-12-13 12:30:00,2023-12-13 12:50:00,2023-12-13 12:30:00,42.9,21.35,2023,12,13,TX2,2023-12-13,202312W2,263,210,53
2023-12-06,17409.0,17366.0,17395.0,17370.0,2023-12-06,43.0,25.0,2023-12-06 12:00:00,2023-12-06 12:56:00,2023-12-06 12:31:00,2023-12-06 12:50:00,46.2,22.7,2023,12,06,TX1,2023-12-06,202312W1,180,236,-56
2023-11-29,17375.0,17314.0,17375.0,17357.0,2023-11-29,61.0,18.0,2023-11-29 12:53:00,2023-11-29 13:28:00,2023-11-29 12:53:00,2023-11-29 12:37:00,49.5,23.2,2023,11,29,TX5,2023-11-29,202311W5,233,268,-35
2023-11-22,17303.0,17256.0,17303.0,17274.0,2023-11-22,47.0,29.0,2023-11-22 12:53:00,2023-11-22 12:05:00,2023-11-22 12:53:00,2023-11-22 12:30:00,50.8,25.35,2023,11,22,TX4,2023-11-22,202311W4,233,185,48
2023-11-15,17130.0,17055.0,17110.0,17055.0,2023-11-15,75.0,55.0,2023-11-15 13:03:00,2023-11-15 12:53:00,2023-11-15 12:31:00,2023-11-15 12:53:00,55.2,27.95,2023,11,15,TXO,2023-11-15,202311,243,233,10
2023-11-08,16769.0,16726.0,16759.0,16737.0,2023-11-08,43.0,22.0,2023-11-08 13:13:00,2023-11-08 12:16:00,2023-11-08 12:54:00,2023-11-08 12:30:00,57.95,27.7,2023,11,08,TX2,2023-11-08,202311W2,253,196,57
2023-11-01,16095.0,16041.0,16095.0,16061.0,2023-11-01,54.0,34.0,2023-11-01 12:48:00,2023-11-01 12:01:00,2023-11-01 12:48:00,2023-11-01 12:30:00,57.85,29.3,2023,11,01,TX1,2023-11-01,202311W1,228,181,47
2023-10-25,16419.0,16377.0,16418.0,16404.0,2023-10-25,42.0,14.0,2023-10-25 12:13:00,2023-10-25 13:27:00,2023-10-25 12:33:00,2023-10-25 12:30:00,55.05,30.5,2023,10,25,TX4,2023-10-25,202310W4,193,267,-74
2023-10-18,16503.0,16411.0,16497.0,16442.0,2023-10-18,92.0,55.0,2023-10-18 12:22:00,2023-10-18 13:02:00,2023-10-18 12:30:00,2023-10-18 12:54:00,51.75,30.45,2023,10,18,TXO,2023-10-18,202310,202,242,-40
2023-10-11,16724.0,16689.0,16711.0,16689.0,2023-10-11,35.0,22.0,2023-10-11 13:11:00,2023-10-11 12:35:00,2023-10-11 12:53:00,2023-10-11 12:35:00,49.3,29.4,2023,10,11,TX2,2023-10-11,202310W2,251,215,36
2023-10-04,16285.0,16225.0,16285.0,16245.0,2023-10-04,60.0,40.0,2023-10-04 12:39:00,2023-10-04 12:04:00,2023-10-04 12:39:00,2023-10-04 12:30:00,52.6,33.2,2023,10,04,TX1,2023-10-04,202310W1,219,184,35
2023-09-27,16308.0,16255.0,16306.0,16257.0,2023-09-27,53.0,49.0,2023-09-27 12:56:00,2023-09-27 12:23:00,2023-09-27 12:55:00,2023-09-27 12:30:00,47.95,29.95,2023,09,27,TX4,2023-09-27,202309W4,236,203,33
2023-09-20,16596.0,16531.0,16584.0,16532.0,2023-09-20,65.0,52.0,2023-09-20 12:00:00,2023-09-20 13:16:00,2023-09-20 12:30:00,2023-09-20 12:53:00,56.3,29.25,2023,09,20,TXO,2023-09-20,202309,180,256,-76
2023-09-13,16600.0,16546.0,16578.0,16561.0,2023-09-13,54.0,17.0,2023-09-13 13:02:00,2023-09-13 12:04:00,2023-09-13 12:55:00,2023-09-13 12:44:00,54.4,28.35,2023,09,13,TX2,2023-09-13,202309W2,242,184,58
2023-09-06,16753.0,16710.0,16753.0,16718.0,2023-09-06,43.0,35.0,2023-09-06 12:35:00,2023-09-06 13:30:00,2023-09-06 12:35:00,2023-09-06 12:49:00,52.9,27.5,2023,09,06,TX1,2023-09-06,202309W1,215,270,-55
2023-08-30,16744.0,16715.0,16744.0,16728.0,2023-08-30,29.0,16.0,2023-08-30 12:40:00,2023-08-30 12:06:00,2023-08-30 12:40:00,2023-08-30 12:47:00,58.2,29.65,2023,08,30,TX5,2023-08-30,202308W5,220,186,34
2023-08-23,16555.0,16519.0,16555.0,16527.0,2023-08-23,36.0,28.0,2023-08-23 12:30:00,2023-08-23 12:00:00,2023-08-23 12:30:00,2023-08-23 12:51:00,52.85,30.45,2023,08,23,TX4,2023-08-23,202308W4,210,180,30
2023-08-16,16384.0,16337.0,16364.0,16339.0,2023-08-16,47.0,25.0,2023-08-16 12:59:00,2023-08-16 12:25:00,2023-08-16 12:38:00,2023-08-16 12:30:00,61.0,32.0,2023,08,16,TXO,2023-08-16,202308,239,205,34
2023-08-09,16865.0,16780.0,16842.0,16798.0,2023-08-09,85.0,44.0,2023-08-09 12:09:00,2023-08-09 12:28:00,2023-08-09 12:55:00,2023-08-09 12:30:00,67.5,37.55,2023,08,09,TX2,2023-08-09,202308W2,189,208,-19
2023-08-02,16878.0,16806.0,16860.0,16820.0,2023-08-02,72.0,40.0,2023-08-02 12:01:00,2023-08-02 13:18:00,2023-08-02 12:54:00,2023-08-02 12:36:00,66.85,37.55,2023,08,02,TX1,2023-08-02,202308W1,181,258,-77
2023-07-26,17146.0,17078.0,17144.0,17102.0,2023-07-26,68.0,42.0,2023-07-26 12:00:00,2023-07-26 13:19:00,2023-07-26 12:31:00,2023-07-26 12:53:00,64.3,35.0,2023,07,26,TX4,2023-07-26,202307W4,180,259,-79
2023-07-19,17221.0,17092.0,17153.0,17092.0,2023-07-19,129.0,61.0,2023-07-19 12:00:00,2023-07-19 12:49:00,2023-07-19 12:31:00,2023-07-19 12:49:00,61.25,32.75,2023,07,19,TXO,2023-07-19,202307,180,229,-49
2023-07-12,16918.0,16871.0,16911.0,16878.0,2023-07-12,47.0,33.0,2023-07-12 13:30:00,2023-07-12 12:01:00,2023-07-12 12:39:00,2023-07-12 12:45:00,49.75,25.6,2023,07,12,TX2,2023-07-12,202307W2,270,181,89
2023-07-05,17045.0,16975.0,17024.0,16997.0,2023-07-05,70.0,27.0,2023-07-05 12:00:00,2023-07-05 13:02:00,2023-07-05 12:31:00,2023-07-05 12:46:00,46.25,23.65,2023,07,05,TX1,2023-07-05,202307W1,180,242,-62
2023-06-28,16767.0,16729.0,16760.0,16735.0,2023-06-28,38.0,25.0,2023-06-28 13:07:00,2023-06-28 12:05:00,2023-06-28 12:43:00,2023-06-28 12:30:00,49.85,23.65,2023,06,28,TX4,2023-06-28,202306W4,247,185,62
2023-06-21,17244.0,17163.0,17178.0,17163.0,2023-06-21,81.0,15.0,2023-06-21 13:05:00,2023-06-21 12:36:00,2023-06-21 12:52:00,2023-06-21 12:36:00,47.8,23.15,2023,06,21,TXO,2023-06-21,202306,245,216,29
2023-06-14,17230.0,17201.0,17224.0,17205.0,2023-06-14,29.0,19.0,2023-06-14 13:04:00,2023-06-14 12:19:00,2023-06-14 12:34:00,2023-06-14 12:52:00,44.85,21.3,2023,06,14,TX2,2023-06-14,202306W2,244,199,45
2023-06-07,16906.0,16882.0,16900.0,16882.0,2023-06-07,24.0,18.0,2023-06-07 12:20:00,2023-06-07 12:40:00,2023-06-07 12:34:00,2023-06-07 12:40:00,47.35,20.55,2023,06,07,TX1,2023-06-07,202306W1,200,220,-20
2023-05-31,16556.0,16496.0,16530.0,16509.0,2023-05-31,60.0,21.0,2023-05-31 13:26:00,2023-05-31 12:05:00,2023-05-31 12:49:00,2023-05-31 12:44:00,45.25,20.55,2023,05,31,TX5,2023-05-31,202305W5,266,185,81
2023-05-24,16091.0,16031.0,16059.0,16042.0,2023-05-24,60.0,17.0,2023-05-24 13:21:00,2023-05-24 12:14:00,2023-05-24 12:45:00,2023-05-24 12:30:00,46.35,20.3,2023,05,24,TX4,2023-05-24,202305W4,261,194,67
2023-05-17,15973.0,15864.0,15965.0,15922.0,2023-05-17,109.0,43.0,2023-05-17 13:02:00,2023-05-17 12:01:00,2023-05-17 12:55:00,2023-05-17 12:30:00,51.0,23.45,2023,05,17,TXO,2023-05-17,202305,242,181,61
2023-05-10,15632.0,15581.0,15615.0,15583.0,2023-05-10,51.0,32.0,2023-05-10 13:04:00,2023-05-10 12:28:00,2023-05-10 12:55:00,2023-05-10 12:30:00,45.85,23.05,2023,05,10,TX2,2023-05-10,202305W2,244,208,36
2023-05-03,15578.0,15548.0,15574.0,15554.0,2023-05-03,30.0,20.0,2023-05-03 13:06:00,2023-05-03 12:23:00,2023-05-03 12:54:00,2023-05-03 12:30:00,43.6,22.5,2023,05,03,TX1,2023-05-03,202305W1,246,203,43
2023-04-26,15398.0,15327.0,15374.0,15344.0,2023-04-26,71.0,30.0,2023-04-26 13:08:00,2023-04-26 12:05:00,2023-04-26 12:55:00,2023-04-26 12:30:00,44.25,24.0,2023,04,26,TX4,2023-04-26,202304W4,248,185,63
2023-04-19,15828.0,15750.0,15814.0,15766.0,2023-04-19,78.0,48.0,2023-04-19 12:00:00,2023-04-19 13:00:00,2023-04-19 12:30:00,2023-04-19 12:54:00,39.6,21.85,2023,04,19,TXO,2023-04-19,202304,180,240,-60
2023-04-12,15939.0,15918.0,15932.0,15920.0,2023-04-12,21.0,12.0,2023-04-12 13:11:00,2023-04-12 12:10:00,2023-04-12 12:42:00,2023-04-12 12:33:00,40.85,24.4,2023,04,12,TX2,2023-04-12,202304W2,251,190,61
2023-04-06,15783.0,15762.0,15783.0,15766.0,2023-04-06,21.0,17.0,2023-04-06 12:52:00,2023-04-06 13:26:00,2023-04-06 12:52:00,2023-04-06 12:34:00,44.15,25.45,2023,04,06,TX1,2023-04-06,202304W1,232,266,-34
2023-03-29,15740.0,15685.0,15720.0,15705.0,2023-03-29,55.0,15.0,2023-03-29 13:28:00,2023-03-29 12:03:00,2023-03-29 12:44:00,2023-03-29 12:32:00,46.85,25.95,2023,03,29,TX5,2023-03-29,202303W5,268,183,85
2023-03-22,15723.0,15690.0,15713.0,15696.0,2023-03-22,33.0,17.0,2023-03-22 13:03:00,2023-03-22 12:06:00,2023-03-22 12:55:00,2023-03-22 12:40:00,45.1,25.1,2023,03,22,TX4,2023-03-22,202303W4,243,186,57
2023-03-15,15475.0,15404.0,15471.0,15421.0,2023-03-15,71.0,50.0,2023-03-15 12:00:00,2023-03-15 13:09:00,2023-03-15 12:34:00,2023-03-15 12:55:00,44.65,23.4,2023,03,15,TXO,2023-03-15,202303,180,249,-69
2023-03-08,15809.0,15747.0,15783.0,15764.0,2023-03-08,62.0,19.0,2023-03-08 13:11:00,2023-03-08 12:00:00,2023-03-08 12:50:00,2023-03-08 12:37:00,39.85,19.9,2023,03,08,TX2,2023-03-08,202303W2,251,180,71
2023-03-01,15555.0,15516.0,15547.0,15516.0,2023-03-01,39.0,31.0,2023-03-01 13:21:00,2023-03-01 12:29:00,2023-03-01 12:53:00,2023-03-01 12:30:00,41.0,21.5,2023,03,01,TX1,2023-03-01,202303W1,261,209,52
2023-02-22,15415.0,15374.0,15391.0,15374.0,2023-02-22,41.0,17.0,2023-02-22 12:00:00,2023-02-22 12:36:00,2023-02-22 12:30:00,2023-02-22 12:36:00,40.3,21.9,2023,02,22,TX4,2023-02-22,202302W4,180,216,-36
2023-02-15,15430.0,15382.0,15430.0,15407.0,2023-02-15,48.0,23.0,2023-02-15 12:37:00,2023-02-15 13:03:00,2023-02-15 12:37:00,2023-02-15 12:47:00,43.0,24.05,2023,02,15,TXO,2023-02-15,202302,217,243,-26
2023-02-08,15624.0,15592.0,15624.0,15604.0,2023-02-08,32.0,20.0,2023-02-08 12:36:00,2023-02-08 13:13:00,2023-02-08 12:36:00,2023-02-08 12:47:00,46.9,25.75,2023,02,08,TX2,2023-02-08,202302W2,216,253,-37
2023-02-01,15388.0,15336.0,15355.0,15339.0,2023-02-01,52.0,16.0,2023-02-01 13:30:00,2023-02-01 12:10:00,2023-02-01 12:43:00,2023-02-01 12:32:00,47.8,27.55,2023,02,01,TX1,2023-02-01,202302W1,270,190,80
2023-01-30,15453.0,15411.0,15444.0,15415.0,2023-01-30,42.0,29.0,2023-01-30 13:20:00,2023-01-30 13:02:00,2023-01-30 12:35:00,2023-01-30 12:54:00,48.65,28.0,2023,01,30,TXO,2023-01-30,202301,260,242,18
2023-01-11,14803.0,14760.0,14791.0,14771.0,2023-01-11,43.0,20.0,2023-01-11 13:14:00,2023-01-11 12:04:00,2023-01-11 12:35:00,2023-01-11 12:47:00,52.15,29.85,2023,01,11,TX2,2023-01-11,202301W2,254,184,70
2023-01-04,14246.0,14198.0,14221.0,14198.0,2023-01-04,48.0,23.0,2023-01-04 13:18:00,2023-01-04 12:30:00,2023-01-04 12:35:00,2023-01-04 12:30:00,54.0,33.65,2023,01,04,TX1,2023-01-04,202301W1,258,210,48
2022-12-28,14126.0,14088.0,14119.0,14095.0,2022-12-28,38.0,24.0,2022-12-28 12:02:00,2022-12-28 13:08:00,2022-12-28 12:51:00,2022-12-28 12:31:00,57.25,33.35,2022,12,28,TX4,2022-12-28,202212W4,182,248,-66
2022-12-21,14248.0,14175.0,14218.0,14181.0,2022-12-21,73.0,37.0,2022-12-21 12:02:00,2022-12-21 12:19:00,2022-12-21 12:55:00,2022-12-21 12:33:00,66.05,35.95,2022,12,21,TXO,2022-12-21,202212,182,199,-17
2022-12-14,14724.0,14689.0,14724.0,14693.0,2022-12-14,35.0,31.0,2022-12-14 12:55:00,2022-12-14 12:20:00,2022-12-14 12:55:00,2022-12-14 12:30:00,63.75,33.6,2022,12,14,TX2,2022-12-14,202212W2,235,200,35
2022-12-07,14699.0,14613.0,14668.0,14628.0,2022-12-07,86.0,40.0,2022-12-07 12:22:00,2022-12-07 13:27:00,2022-12-07 12:30:00,2022-12-07 12:41:00,68.45,32.55,2022,12,07,TX1,2022-12-07,202212W1,202,267,-65
2022-11-30,14838.0,14766.0,14803.0,14788.0,2022-11-30,72.0,15.0,2022-11-30 13:26:00,2022-11-30 12:00:00,2022-11-30 12:35:00,2022-11-30 12:30:00,63.4,29.0,2022,11,30,TX5,2022-11-30,202211W5,266,180,86
2022-11-23,14622.0,14592.0,14622.0,14602.0,2022-11-23,30.0,20.0,2022-11-23 12:36:00,2022-11-23 12:09:00,2022-11-23 12:36:00,2022-11-23 12:46:00,59.3,28.45,2022,11,23,TX4,2022-11-23,202211W4,216,189,27
2022-11-16,14598.0,14485.0,14554.0,14505.0,2022-11-16,113.0,49.0,2022-11-16 12:02:00,2022-11-16 13:06:00,2022-11-16 12:42:00,2022-11-16 12:39:00,72.5,31.75,2022,11,16,TXO,2022-11-16,202211,182,246,-64
2022-11-09,13613.0,13553.0,13612.0,13579.0,2022-11-09,60.0,33.0,2022-11-09 13:07:00,2022-11-09 12:10:00,2022-11-09 12:45:00,2022-11-09 12:30:00,76.35,34.8,2022,11,09,TX2,2022-11-09,202211W2,247,190,57
2022-11-02,13096.0,13042.0,13073.0,13055.0,2022-11-02,54.0,18.0,2022-11-02 13:27:00,2022-11-02 12:24:00,2022-11-02 12:48:00,2022-11-02 12:34:00,77.45,38.7,2022,11,02,TX1,2022-11-02,202211W1,267,204,63
2022-10-26,12804.0,12740.0,12790.0,12753.0,2022-10-26,64.0,37.0,2022-10-26 12:15:00,2022-10-26 13:15:00,2022-10-26 12:34:00,2022-10-26 12:54:00,82.65,39.8,2022,10,26,TX4,2022-10-26,202210W4,195,255,-60
2022-10-19,13060.0,12967.0,13028.0,12996.0,2022-10-19,93.0,32.0,2022-10-19 12:04:00,2022-10-19 13:04:00,2022-10-19 12:34:00,2022-10-19 12:41:00,74.1,39.55,2022,10,19,TXO,2022-10-19,202210,184,244,-60
2022-10-12,13131.0,13066.0,13116.0,13090.0,2022-10-12,65.0,26.0,2022-10-12 12:28:00,2022-10-12 13:05:00,2022-10-12 12:30:00,2022-10-12 12:37:00,66.2,35.95,2022,10,12,TX2,2022-10-12,202210W2,208,245,-37
2022-10-05,13814.0,13728.0,13776.0,13728.0,2022-10-05,86.0,48.0,2022-10-05 13:07:00,2022-10-05 12:46:00,2022-10-05 12:51:00,2022-10-05 12:46:00,62.45,34.1,2022,10,05,TX1,2022-10-05,202210W1,247,226,21
2022-09-28,13553.0,13488.0,13553.0,13494.0,2022-09-28,65.0,59.0,2022-09-28 12:34:00,2022-09-28 13:26:00,2022-09-28 12:34:00,2022-09-28 12:53:00,61.85,36.55,2022,09,28,TX4,2022-09-28,202209W4,214,266,-52
2022-09-21,14479.0,14392.0,14448.0,14416.0,2022-09-21,87.0,32.0,2022-09-21 12:00:00,2022-09-21 13:11:00,2022-09-21 12:30:00,2022-09-21 12:53:00,61.95,35.6,2022,09,21,TXO,2022-09-21,202209,180,251,-71
2022-09-14,14641.0,14576.0,14641.0,14600.0,2022-09-14,65.0,41.0,2022-09-14 12:39:00,2022-09-14 12:00:00,2022-09-14 12:39:00,2022-09-14 12:30:00,59.0,34.0,2022,09,14,TX2,2022-09-14,202209W2,219,180,39
2022-09-07,14371.0,14334.0,14371.0,14339.0,2022-09-07,37.0,32.0,2022-09-07 12:54:00,2022-09-07 13:07:00,2022-09-07 12:54:00,2022-09-07 12:30:00,56.4,31.7,2022,09,07,TX1,2022-09-07,202209W1,234,247,-13
2022-08-31,15099.0,15007.0,15051.0,15020.0,2022-08-31,92.0,31.0,2022-08-31 13:27:00,2022-08-31 12:00:00,2022-08-31 12:45:00,2022-08-31 12:31:00,57.75,29.7,2022,08,31,TX5,2022-08-31,202208W5,267,180,87
2022-08-24,15062.0,14987.0,15062.0,14997.0,2022-08-24,75.0,65.0,2022-08-24 12:55:00,2022-08-24 12:16:00,2022-08-24 12:55:00,2022-08-24 12:30:00,54.5,29.95,2022,08,24,TX4,2022-08-24,202208W4,235,196,39
2022-08-17,15461.0,15418.0,15442.0,15418.0,2022-08-17,43.0,24.0,2022-08-17 13:05:00,2022-08-17 12:46:00,2022-08-17 12:36:00,2022-08-17 12:46:00,59.6,33.05,2022,08,17,TXO,2022-08-17,202208,245,226,19
2022-08-10,14938.0,14888.0,14915.0,14888.0,2022-08-10,50.0,27.0,2022-08-10 12:05:00,2022-08-10 12:30:00,2022-08-10 12:46:00,2022-08-10 12:30:00,68.65,37.55,2022,08,10,TX2,2022-08-10,202208W2,185,210,-25
2022-08-03,14686.0,14626.0,14670.0,14628.0,2022-08-03,60.0,42.0,2022-08-03 12:23:00,2022-08-03 13:00:00,2022-08-03 12:30:00,2022-08-03 12:53:00,70.9,40.7,2022,08,03,TX1,2022-08-03,202208W1,203,240,-37
2022-07-27,14799.0,14717.0,14784.0,14720.0,2022-07-27,82.0,64.0,2022-07-27 13:30:00,2022-07-27 12:14:00,2022-07-27 12:46:00,2022-07-27 12:31:00,94.8,45.9,2022,07,27,TX4,2022-07-27,202207W4,270,194,76
2022-07-20,14875.0,14696.0,14828.0,14752.0,2022-07-20,179.0,76.0,2022-07-20 12:01:00,2022-07-20 13:12:00,2022-07-20 12:32:00,2022-07-20 12:45:00,102.0,50.95,2022,07,20,TXO,2022-07-20,202207,181,252,-71
2022-07-13,14356.0,14275.0,14332.0,14306.0,2022-07-13,81.0,26.0,2022-07-13 13:04:00,2022-07-13 13:29:00,2022-07-13 12:42:00,2022-07-13 12:34:00,112.7,53.95,2022,07,13,TX2,2022-07-13,202207W2,244,269,-25
2022-07-06,14045.0,13874.0,13998.0,13928.0,2022-07-06,171.0,70.0,2022-07-06 12:23:00,2022-07-06 13:27:00,2022-07-06 12:30:00,2022-07-06 12:48:00,109.8,50.55,2022,07,06,TX1,2022-07-06,202207W1,203,267,-64
2022-06-29,15066.0,15007.0,15066.0,15007.0,2022-06-29,59.0,59.0,2022-06-29 12:35:00,2022-06-29 12:53:00,2022-06-29 12:35:00,2022-06-29 12:53:00,86.25,45.25,2022,06,29,TX5,2022-06-29,202206W5,215,233,-18
2022-06-22,15066.0,14984.0,15066.0,14997.0,2022-06-22,82.0,69.0,2022-06-22 12:51:00,2022-06-22 12:12:00,2022-06-22 12:51:00,2022-06-22 12:30:00,79.35,37.35,2022,06,22,TX4,2022-06-22,202206W4,231,192,39
2022-06-15,16084.0,15989.0,16057.0,16002.0,2022-06-15,95.0,55.0,2022-06-15 13:01:00,2022-06-15 12:16:00,2022-06-15 12:49:00,2022-06-15 12:32:00,68.05,36.25,2022,06,15,TXO,2022-06-15,202206,241,196,45
2022-06-08,16658.0,16618.0,16658.0,16630.0,2022-06-08,40.0,28.0,2022-06-08 12:02:00,2022-06-08 13:01:00,2022-06-08 12:50:00,2022-06-08 12:38:00,70.75,36.3,2022,06,08,TX2,2022-06-08,202206W2,182,241,-59
2022-06-01,16691.0,16620.0,16691.0,16652.0,2022-06-01,71.0,39.0,2022-06-01 12:37:00,2022-06-01 12:19:00,2022-06-01 12:37:00,2022-06-01 12:30:00,71.25,36.8,2022,06,01,TX1,2022-06-01,202206W1,217,199,18
2022-05-25,16146.0,16087.0,16130.0,16116.0,2022-05-25,59.0,14.0,2022-05-25 13:03:00,2022-05-25 13:30:00,2022-05-25 12:32:00,2022-05-25 12:50:00,71.15,38.15,2022,05,25,TX4,2022-05-25,202205W4,243,270,-27
2022-05-18,16318.0,16245.0,16276.0,16245.0,2022-05-18,73.0,31.0,2022-05-18 13:11:00,2022-05-18 12:48:00,2022-05-18 12:30:00,2022-05-18 12:48:00,72.85,34.4,2022,05,18,TXO,2022-05-18,202205,251,228,23
2022-05-11,16045.0,15991.0,16044.0,16017.0,2022-05-11,54.0,27.0,2022-05-11 12:09:00,2022-05-11 13:25:00,2022-05-11 12:35:00,2022-05-11 12:49:00,66.2,33.0,2022,05,11,TX2,2022-05-11,202205W2,189,265,-76
2022-05-04,16531.0,16490.0,16531.0,16490.0,2022-05-04,41.0,41.0,2022-05-04 12:34:00,2022-05-04 12:53:00,2022-05-04 12:34:00,2022-05-04 12:53:00,74.5,31.95,2022,05,04,TX1,2022-05-04,202205W1,214,233,-19
2022-04-27,16338.0,16235.0,16315.0,16265.0,2022-04-27,103.0,50.0,2022-04-27 12:11:00,2022-04-27 13:05:00,2022-04-27 12:32:00,2022-04-27 12:55:00,75.75,31.0,2022,04,27,TX4,2022-04-27,202204W4,191,245,-54
2022-04-20,17135.0,17072.0,17103.0,17072.0,2022-04-20,63.0,31.0,2022-04-20 13:02:00,2022-04-20 12:15:00,2022-04-20 12:31:00,2022-04-20 12:53:00,70.4,33.6,2022,04,20,TXO,2022-04-20,202204,242,195,47
2022-04-13,17316.0,17266.0,17298.0,17274.0,2022-04-13,50.0,24.0,2022-04-13 13:05:00,2022-04-13 12:11:00,2022-04-13 12:53:00,2022-04-13 12:33:00,79.4,36.4,2022,04,13,TX2,2022-04-13,202204W2,245,191,54
2022-04-06,17507.0,17429.0,17496.0,17457.0,2022-04-06,78.0,39.0,2022-04-06 13:19:00,2022-04-06 12:00:00,2022-04-06 12:51:00,2022-04-06 12:33:00,78.65,38.85,2022,04,06,TX1,2022-04-06,202204W1,259,180,79
2022-03-30,17755.0,17682.0,17748.0,17708.0,2022-03-30,73.0,40.0,2022-03-30 13:03:00,2022-03-30 12:01:00,2022-03-30 12:54:00,2022-03-30 12:46:00,77.65,40.45,2022,03,30,TX5,2022-03-30,202203W5,243,181,62
2022-03-23,17707.0,17610.0,17669.0,17625.0,2022-03-23,97.0,44.0,2022-03-23 13:27:00,2022-03-23 12:19:00,2022-03-23 12:52:00,2022-03-23 12:36:00,84.55,44.65,2022,03,23,TX4,2022-03-23,202203W4,267,199,68
2022-03-16,16954.0,16801.0,16856.0,16803.0,2022-03-16,153.0,53.0,2022-03-16 13:03:00,2022-03-16 12:27:00,2022-03-16 12:54:00,2022-03-16 12:44:00,84.65,44.05,2022,03,16,TXO,2022-03-16,202203,243,207,36
2022-03-09,17023.0,16921.0,17023.0,16975.0,2022-03-09,102.0,48.0,2022-03-09 12:42:00,2022-03-09 12:00:00,2022-03-09 12:42:00,2022-03-09 12:33:00,85.15,43.8,2022,03,09,TX2,2022-03-09,202203W2,222,180,42
2022-03-02,17895.0,17793.0,17857.0,17808.0,2022-03-02,102.0,49.0,2022-03-02 13:06:00,2022-03-02 12:07:00,2022-03-02 12:54:00,2022-03-02 12:36:00,90.95,42.35,2022,03,02,TX1,2022-03-02,202203W1,246,187,59
2022-02-23,18060.0,17975.0,18024.0,17975.0,2022-02-23,85.0,49.0,2022-02-23 13:14:00,2022-02-23 12:30:00,2022-02-23 12:48:00,2022-02-23 12:30:00,90.0,39.05,2022,02,23,TX4,2022-02-23,202202W4,254,210,44
2022-02-16,18217.0,18140.0,18188.0,18140.0,2022-02-16,77.0,48.0,2022-02-16 12:00:00,2022-02-16 12:39:00,2022-02-16 12:30:00,2022-02-16 12:39:00,87.75,38.2,2022,02,16,TXO,2022-02-16,202202,180,219,-39
2022-02-09,18168.0,18102.0,18130.0,18113.0,2022-02-09,66.0,17.0,2022-02-09 13:08:00,2022-02-09 12:01:00,2022-02-09 12:55:00,2022-02-09 12:37:00,81.2,36.05,2022,02,09,TX2,2022-02-09,202202W2,248,181,67
2022-02-07,17896.0,17787.0,17884.0,17839.0,2022-02-07,109.0,45.0,2022-02-07 13:23:00,2022-02-07 12:00:00,2022-02-07 12:48:00,2022-02-07 12:30:00,78.55,36.2,2022,02,07,TX1,2022-02-07,202202W1,263,180,83
2022-01-26,17738.0,17615.0,17694.0,17651.0,2022-01-26,123.0,43.0,2022-01-26 12:02:00,2022-01-26 13:26:00,2022-01-26 12:30:00,2022-01-26 12:40:00,76.0,35.5,2022,01,26,TX4,2022-01-26,202201W4,182,266,-84
2022-01-19,18264.0,18211.0,18259.0,18226.0,2022-01-19,53.0,33.0,2022-01-19 12:12:00,2022-01-19 13:13:00,2022-01-19 12:33:00,2022-01-19 12:51:00,61.2,29.85,2022,01,19,TXO,2022-01-19,202201,192,253,-61
2022-01-12,18362.0,18286.0,18336.0,18305.0,2022-01-12,76.0,31.0,2022-01-12 13:27:00,2022-01-12 12:16:00,2022-01-12 12:40:00,2022-01-12 12:30:00,58.55,29.05,2022,01,12,TX2,2022-01-12,202201W2,267,196,71
2022-01-05,18492.0,18438.0,18481.0,18452.0,2022-01-05,54.0,29.0,2022-01-05 12:07:00,2022-01-05 13:22:00,2022-01-05 12:32:00,2022-01-05 12:39:00,53.95,27.05,2022,01,05,TX1,2022-01-05,202201W1,187,262,-75
2021-12-29,18289.0,18231.0,18284.0,18253.0,2021-12-29,58.0,31.0,2021-12-29 12:58:00,2021-12-29 12:06:00,2021-12-29 12:55:00,2021-12-29 12:30:00,57.4,27.4,2021,12,29,TX5,2021-12-29,202112W5,238,186,52
2021-12-22,17837.0,17797.0,17813.0,17797.0,2021-12-22,40.0,16.0,2021-12-22 13:28:00,2021-12-22 12:41:00,2021-12-22 12:52:00,2021-12-22 12:41:00,71.15,30.2,2021,12,22,TX4,2021-12-22,202112W4,268,221,47
2021-12-15,17666.0,17614.0,17658.0,17614.0,2021-12-15,52.0,44.0,2021-12-15 12:25:00,2021-12-15 12:47:00,2021-12-15 12:30:00,2021-12-15 12:47:00,69.4,29.55,2021,12,15,TXO,2021-12-15,202112,205,227,-22
2021-12-08,17913.0,17860.0,17909.0,17874.0,2021-12-08,53.0,35.0,2021-12-08 13:06:00,2021-12-08 12:10:00,2021-12-08 12:40:00,2021-12-08 12:30:00,68.6,30.7,2021,12,08,TX2,2021-12-08,202112W2,246,190,56
2021-12-01,17617.0,17504.0,17600.0,17546.0,2021-12-01,113.0,54.0,2021-12-01 13:08:00,2021-12-01 12:00:00,2021-12-01 12:53:00,2021-12-01 12:30:00,64.95,30.25,2021,12,01,TX1,2021-12-01,202112W1,248,180,68
2021-11-24,17666.0,17607.0,17630.0,17608.0,2021-11-24,59.0,22.0,2021-11-24 13:26:00,2021-11-24 12:28:00,2021-11-24 12:43:00,2021-11-24 12:33:00,54.95,28.5,2021,11,24,TX4,2021-11-24,202111W4,266,208,58
2021-11-17,17761.0,17710.0,17748.0,17719.0,2021-11-17,51.0,29.0,2021-11-17 12:20:00,2021-11-17 13:04:00,2021-11-17 12:30:00,2021-11-17 12:44:00,60.95,31.1,2021,11,17,TXO,2021-11-17,202111,200,244,-44
2021-11-10,17572.0,17518.0,17555.0,17538.0,2021-11-10,54.0,17.0,2021-11-10 13:05:00,2021-11-10 12:10:00,2021-11-10 12:36:00,2021-11-10 12:48:00,58.05,29.6,2021,11,10,TX2,2021-11-10,202111W2,245,190,55
2021-11-03,17116.0,17080.0,17098.0,17080.0,2021-11-03,36.0,18.0,2021-11-03 13:03:00,2021-11-03 12:38:00,2021-11-03 12:48:00,2021-11-03 12:38:00,63.9,32.8,2021,11,03,TX1,2021-11-03,202111W1,243,218,25
2021-10-27,17088.0,16976.0,17051.0,16993.0,2021-10-27,112.0,58.0,2021-10-27 13:28:00,2021-10-27 12:19:00,2021-10-27 12:55:00,2021-10-27 12:30:00,75.25,41.85,2021,10,27,TX4,2021-10-27,202110W4,268,199,69
2021-10-20,16934.0,16863.0,16917.0,16883.0,2021-10-20,71.0,34.0,2021-10-20 12:06:00,2021-10-20 13:02:00,2021-10-20 12:30:00,2021-10-20 12:47:00,70.8,42.3,2021,10,20,TXO,2021-10-20,202110,186,242,-56
2021-10-13,16392.0,16340.0,16380.0,16349.0,2021-10-13,52.0,31.0,2021-10-13 13:01:00,2021-10-13 12:00:00,2021-10-13 12:30:00,2021-10-13 12:45:00,75.15,44.8,2021,10,13,TX2,2021-10-13,202110W2,241,180,61
2021-10-06,16389.0,16271.0,16332.0,16285.0,2021-10-06,118.0,47.0,2021-10-06 13:29:00,2021-10-06 13:03:00,2021-10-06 12:31:00,2021-10-06 12:46:00,78.65,48.55,2021,10,06,TX1,2021-10-06,202110W1,269,243,26
2021-09-29,16850.0,16760.0,16850.0,16805.0,2021-09-29,90.0,45.0,2021-09-29 12:36:00,2021-09-29 13:16:00,2021-09-29 12:36:00,2021-09-29 12:54:00,80.95,46.1,2021,09,29,TX5,2021-09-29,202109W5,216,256,-40
2021-09-22,16922.0,16827.0,16922.0,16850.0,2021-09-22,95.0,72.0,2021-09-22 12:50:00,2021-09-22 12:22:00,2021-09-22 12:50:00,2021-09-22 12:30:00,87.35,50.35,2021,09,22,TX4,2021-09-22,202109W4,230,202,28
2021-09-15,17417.0,17350.0,17410.0,17350.0,2021-09-15,67.0,60.0,2021-09-15 12:56:00,2021-09-15 12:30:00,2021-09-15 12:55:00,2021-09-15 12:30:00,90.75,53.05,2021,09,15,TXO,2021-09-15,202109,236,210,26
2021-09-08,17257.0,17163.0,17248.0,17163.0,2021-09-08,94.0,85.0,2021-09-08 13:30:00,2021-09-08 12:55:00,2021-09-08 12:30:00,2021-09-08 12:55:00,98.55,54.7,2021,09,08,TX2,2021-09-08,202109W2,270,235,35
2021-09-01,17500.0,17425.0,17483.0,17443.0,2021-09-01,75.0,40.0,2021-09-01 13:07:00,2021-09-01 12:14:00,2021-09-01 12:30:00,2021-09-01 12:42:00,89.4,50.9,2021,09,01,TX1,2021-09-01,202109W1,247,194,53
2021-08-25,16971.0,16878.0,16939.0,16878.0,2021-08-25,93.0,61.0,2021-08-25 13:03:00,2021-08-25 12:38:00,2021-08-25 12:55:00,2021-08-25 12:38:00,89.4,51.5,2021,08,25,TX4,2021-08-25,202108W4,243,218,25
2021-08-18,16796.0,16665.0,16796.0,16725.0,2021-08-18,131.0,71.0,2021-08-18 12:41:00,2021-08-18 12:00:00,2021-08-18 12:41:00,2021-08-18 12:51:00,88.3,50.1,2021,08,18,TXO,2021-08-18,202108,221,180,41
2021-08-11,17186.0,17078.0,17128.0,17078.0,2021-08-11,108.0,50.0,2021-08-11 13:30:00,2021-08-11 12:43:00,2021-08-11 12:31:00,2021-08-11 12:43:00,84.3,48.0,2021,08,11,TX2,2021-08-11,202108W2,270,223,47
2021-08-04,17586.0,17549.0,17585.0,17559.0,2021-08-04,37.0,26.0,2021-08-04 13:26:00,2021-08-04 12:57:00,2021-08-04 12:40:00,2021-08-04 12:30:00,90.1,49.5,2021,08,04,TX1,2021-08-04,202108W1,266,237,29
2021-07-28,16951.0,16847.0,16935.0,16847.0,2021-07-28,104.0,88.0,2021-07-28 13:30:00,2021-07-28 12:34:00,2021-07-28 12:50:00,2021-07-28 12:34:00,83.8,49.8,2021,07,28,TX4,2021-07-28,202107W4,270,214,56
2021-07-21,17495.0,17376.0,17437.0,17376.0,2021-07-21,119.0,61.0,2021-07-21 12:02:00,2021-07-21 12:51:00,2021-07-21 12:44:00,2021-07-21 12:51:00,81.45,48.7,2021,07,21,TXO,2021-07-21,202107,182,231,-49
2021-07-14,17878.0,17807.0,17865.0,17817.0,2021-07-14,71.0,48.0,2021-07-14 12:03:00,2021-07-14 13:01:00,2021-07-14 12:30:00,2021-07-14 12:45:00,83.15,46.3,2021,07,14,TX2,2021-07-14,202107W2,183,241,-58
2021-07-07,17880.0,17715.0,17846.0,17715.0,2021-07-07,165.0,131.0,2021-07-07 12:09:00,2021-07-07 12:41:00,2021-07-07 12:30:00,2021-07-07 12:41:00,94.25,60.0,2021,07,07,TX1,2021-07-07,202107W1,189,221,-32
2021-06-30,17766.0,17712.0,17747.0,17727.0,2021-06-30,54.0,20.0,2021-06-30 13:01:00,2021-06-30 13:26:00,2021-06-30 12:36:00,2021-06-30 12:46:00,90.05,56.6,2021,06,30,TX5,2021-06-30,202106W5,241,266,-25
2021-06-23,17319.0,17203.0,17244.0,17217.0,2021-06-23,116.0,27.0,2021-06-23 13:25:00,2021-06-23 12:14:00,2021-06-23 12:53:00,2021-06-23 12:36:00,94.55,60.25,2021,06,23,TX4,2021-06-23,202106W4,265,194,71
2021-06-16,17398.0,17033.0,17398.0,17033.0,2021-06-16,365.0,365.0,2021-06-16 12:34:00,2021-06-16 12:46:00,2021-06-16 12:34:00,2021-06-16 12:46:00,101.3,70.8,2021,06,16,TXO,2021-06-16,202106,214,226,-12
2021-06-09,16967.0,16889.0,16934.0,16889.0,2021-06-09,78.0,45.0,2021-06-09 13:21:00,2021-06-09 12:40:00,2021-06-09 12:34:00,2021-06-09 12:40:00,116.45,71.0,2021,06,09,TX2,2021-06-09,202106W2,261,220,41
2021-06-02,17137.0,17051.0,17107.0,17061.0,2021-06-02,86.0,46.0,2021-06-02 13:09:00,2021-06-02 12:10:00,2021-06-02 12:46:00,2021-06-02 12:37:00,158.85,98.0,2021,06,02,TX1,2021-06-02,202106W1,249,190,59
2021-05-26,16626.0,16545.0,16598.0,16565.0,2021-05-26,81.0,33.0,2021-05-26 13:10:00,2021-05-26 12:15:00,2021-05-26 12:51:00,2021-05-26 12:45:00,163.35,96.1,2021,05,26,TX4,2021-05-26,202105W4,250,195,55
2021-05-19,16245.0,16091.0,16216.0,16091.0,2021-05-19,154.0,125.0,2021-05-19 12:01:00,2021-05-19 12:51:00,2021-05-19 12:32:00,2021-05-19 12:51:00,164.4,93.85,2021,05,19,TXO,2021-05-19,202105,181,231,-50
2021-05-12,15896.0,15410.0,15867.0,15410.0,2021-05-12,486.0,457.0,2021-05-12 13:17:00,2021-05-12 12:30:00,2021-05-12 12:51:00,2021-05-12 12:30:00,136.6,77.15,2021,05,12,TX2,2021-05-12,202105W2,257,210,47
2021-05-05,16990.0,16783.0,16975.0,16933.0,2021-05-05,207.0,42.0,2021-05-05 12:01:00,2021-05-05 13:30:00,2021-05-05 12:40:00,2021-05-05 12:49:00,99.25,51.0,2021,05,05,TX1,2021-05-05,202105W1,181,270,-89
2021-04-28,17556.0,17502.0,17535.0,17503.0,2021-04-28,54.0,32.0,2021-04-28 13:13:00,2021-04-28 12:59:00,2021-04-28 12:38:00,2021-04-28 12:55:00,82.4,43.9,2021,04,28,TX4,2021-04-28,202104W4,253,239,14
2021-04-21,17270.0,17215.0,17259.0,17215.0,2021-04-21,55.0,44.0,2021-04-21 12:10:00,2021-04-21 12:49:00,2021-04-21 12:30:00,2021-04-21 12:49:00,72.35,39.65,2021,04,21,TXO,2021-04-21,202104,190,229,-39
2021-04-14,16845.0,16703.0,16837.0,16735.0,2021-04-14,142.0,102.0,2021-04-14 13:29:00,2021-04-14 12:08:00,2021-04-14 12:54:00,2021-04-14 12:33:00,79.3,38.35,2021,04,14,TX2,2021-04-14,202104W2,269,188,81
2021-04-07,16788.0,16743.0,16770.0,16747.0,2021-04-07,45.0,23.0,2021-04-07 13:03:00,2021-04-07 12:02:00,2021-04-07 12:55:00,2021-04-07 12:34:00,68.7,33.7,2021,04,07,TX1,2021-04-07,202104W1,243,182,61
2021-03-31,16447.0,16405.0,16439.0,16412.0,2021-03-31,42.0,27.0,2021-03-31 12:11:00,2021-03-31 13:06:00,2021-03-31 12:46:00,2021-03-31 12:31:00,84.35,43.9,2021,03,31,TX5,2021-03-31,202103W5,191,246,-55
2021-03-24,16013.0,15939.0,15982.0,15939.0,2021-03-24,74.0,43.0,2021-03-24 12:13:00,2021-03-24 12:52:00,2021-03-24 12:34:00,2021-03-24 12:52:00,102.5,50.3,2021,03,24,TX4,2021-03-24,202103W4,193,232,-39
2021-03-17,16274.0,16161.0,16230.0,16180.0,2021-03-17,113.0,50.0,2021-03-17 12:06:00,2021-03-17 13:01:00,2021-03-17 12:30:00,2021-03-17 12:52:00,110.15,51.75,2021,03,17,TXO,2021-03-17,202103,186,241,-55
2021-03-10,15890.0,15820.0,15890.0,15821.0,2021-03-10,70.0,69.0,2021-03-10 12:46:00,2021-03-10 13:04:00,2021-03-10 12:46:00,2021-03-10 12:32:00,111.3,54.85,2021,03,10,TX2,2021-03-10,202103W2,226,244,-18
2021-03-03,16196.0,16108.0,16165.0,16133.0,2021-03-03,88.0,32.0,2021-03-03 13:28:00,2021-03-03 12:00:00,2021-03-03 12:43:00,2021-03-03 12:55:00,113.5,50.4,2021,03,03,TX1,2021-03-03,202103W1,268,180,88
2021-02-24,16253.0,16133.0,16231.0,16167.0,2021-02-24,120.0,64.0,2021-02-24 12:02:00,2021-02-24 12:23:00,2021-02-24 12:37:00,2021-02-24 12:50:00,111.1,51.75,2021,02,24,TX4,2021-02-24,202102W4,182,203,-21
2021-02-17,16426.0,16310.0,16382.0,16344.0,2021-02-17,116.0,38.0,2021-02-17 12:02:00,2021-02-17 13:16:00,2021-02-17 12:34:00,2021-02-17 12:50:00,108.15,55.25,2021,02,17,TXO,2021-02-17,202102,182,256,-74
2021-02-03,15835.0,15737.0,15807.0,15756.0,2021-02-03,98.0,51.0,2021-02-03 12:10:00,2021-02-03 13:09:00,2021-02-03 12:37:00,2021-02-03 12:55:00,112.3,55.15,2021,02,03,TX1,2021-02-03,202102W1,190,249,-59
2021-01-27,15706.0,15601.0,15678.0,15613.0,2021-01-27,105.0,65.0,2021-01-27 13:01:00,2021-01-27 12:04:00,2021-01-27 12:48:00,2021-01-27 12:36:00,107.8,51.25,2021,01,27,TX4,2021-01-27,202101W4,241,184,57
2021-01-20,15892.0,15735.0,15871.0,15793.0,2021-01-20,157.0,78.0,2021-01-20 12:28:00,2021-01-20 13:06:00,2021-01-20 12:30:00,2021-01-20 12:46:00,89.45,43.15,2021,01,20,TXO,2021-01-20,202101,208,246,-38
2021-01-13,15790.0,15733.0,15772.0,15748.0,2021-01-13,57.0,24.0,2021-01-13 13:15:00,2021-01-13 12:19:00,2021-01-13 12:55:00,2021-01-13 12:35:00,81.95,33.95,2021,01,13,TX2,2021-01-13,202101W2,255,199,56
2021-01-06,14975.0,14764.0,14967.0,14912.0,2021-01-06,211.0,55.0,2021-01-06 13:01:00,2021-01-06 12:03:00,2021-01-06 12:55:00,2021-01-06 12:45:00,74.3,31.8,2021,01,06,TX1,2021-01-06,202101W1,241,183,58
2020-12-30,14643.0,14566.0,14600.0,14571.0,2020-12-30,77.0,29.0,2020-12-30 13:30:00,2020-12-30 12:07:00,2020-12-30 12:54:00,2020-12-30 12:30:00,69.55,29.7,2020,12,30,TX5,2020-12-30,202012W5,270,187,83
2020-12-23,14181.0,14122.0,14174.0,14157.0,2020-12-23,59.0,17.0,2020-12-23 12:23:00,2020-12-23 12:00:00,2020-12-23 12:43:00,2020-12-23 12:36:00,75.25,29.55,2020,12,23,TX4,2020-12-23,202012W4,203,180,23
2020-12-16,14328.0,14277.0,14309.0,14283.0,2020-12-16,51.0,26.0,2020-12-16 13:08:00,2020-12-16 13:01:00,2020-12-16 12:38:00,2020-12-16 12:50:00,63.8,29.2,2020,12,16,TXO,2020-12-16,202012,248,241,7
2020-12-09,14425.0,14386.0,14425.0,14397.0,2020-12-09,39.0,28.0,2020-12-09 12:50:00,2020-12-09 12:12:00,2020-12-09 12:50:00,2020-12-09 12:32:00,60.6,28.25,2020,12,09,TX2,2020-12-09,202012W2,230,192,38
2020-12-02,13980.0,13931.0,13980.0,13955.0,2020-12-02,49.0,25.0,2020-12-02 12:41:00,2020-12-02 12:03:00,2020-12-02 12:41:00,2020-12-02 12:38:00,56.7,27.15,2020,12,02,TX1,2020-12-02,202012W1,221,183,38
2020-11-25,13751.0,13698.0,13742.0,13718.0,2020-11-25,53.0,24.0,2020-11-25 13:04:00,2020-11-25 13:29:00,2020-11-25 12:30:00,2020-11-25 12:39:00,54.1,28.3,2020,11,25,TX4,2020-11-25,202011W4,244,269,-25
2020-11-18,13788.0,13721.0,13767.0,13721.0,2020-11-18,67.0,46.0,2020-11-18 12:23:00,2020-11-18 12:43:00,2020-11-18 12:30:00,2020-11-18 12:43:00,50.55,25.35,2020,11,18,TXO,2020-11-18,202011,203,223,-20
2020-11-11,13276.0,13225.0,13263.0,13241.0,2020-11-11,51.0,22.0,2020-11-11 13:05:00,2020-11-11 12:04:00,2020-11-11 12:44:00,2020-11-11 12:33:00,49.85,22.0,2020,11,11,TX2,2020-11-11,202011W2,245,184,61
2020-11-04,12863.0,12804.0,12841.0,12807.0,2020-11-04,59.0,34.0,2020-11-04 12:10:00,2020-11-04 12:22:00,2020-11-04 12:30:00,2020-11-04 12:48:00,48.8,21.1,2020,11,04,TX1,2020-11-04,202011W1,190,202,-12
2020-10-28,12744.0,12713.0,12738.0,12725.0,2020-10-28,31.0,13.0,2020-10-28 12:02:00,2020-10-28 13:10:00,2020-10-28 12:30:00,2020-10-28 12:53:00,43.0,19.25,2020,10,28,TX4,2020-10-28,202010W4,182,250,-68
2020-10-21,12906.0,12851.0,12902.0,12894.0,2020-10-21,55.0,8.0,2020-10-21 12:59:00,2020-10-21 13:09:00,2020-10-21 12:35:00,2020-10-21 12:30:00,52.35,24.8,2020,10,21,TXO,2020-10-21,202010,239,249,-10
2020-10-14,12920.0,12871.0,12908.0,12887.0,2020-10-14,49.0,21.0,2020-10-14 12:16:00,2020-10-14 13:27:00,2020-10-14 12:30:00,2020-10-14 12:55:00,50.0,24.5,2020,10,14,TX2,2020-10-14,202010W2,196,267,-71
2020-10-07,12755.0,12724.0,12750.0,12738.0,2020-10-07,31.0,12.0,2020-10-07 13:05:00,2020-10-07 13:27:00,2020-10-07 12:50:00,2020-10-07 12:41:00,51.7,24.9,2020,10,07,TX1,2020-10-07,202010W1,245,267,-22
2020-09-30,12503.0,12455.0,12488.0,12474.0,2020-09-30,48.0,14.0,2020-09-30 13:08:00,2020-09-30 12:20:00,2020-09-30 12:36:00,2020-09-30 12:52:00,56.85,27.4,2020,09,30,TX5,2020-09-30,202009W5,248,200,48
2020-09-23,12527.0,12482.0,12520.0,12495.0,2020-09-23,45.0,25.0,2020-09-23 13:25:00,2020-09-23 12:01:00,2020-09-23 12:46:00,2020-09-23 12:31:00,63.8,26.55,2020,09,23,TX4,2020-09-23,202009W4,265,181,84
2020-09-16,13018.0,12900.0,13018.0,13000.0,2020-09-16,118.0,18.0,2020-09-16 12:30:00,2020-09-16 13:05:00,2020-09-16 12:30:00,2020-09-16 12:41:00,63.7,27.85,2020,09,16,TXO,2020-09-16,202009,210,245,-35
2020-09-09,12606.0,12514.0,12575.0,12550.0,2020-09-09,92.0,25.0,2020-09-09 13:16:00,2020-09-09 12:12:00,2020-09-09 12:40:00,2020-09-09 12:32:00,64.25,29.45,2020,09,09,TX2,2020-09-09,202009W2,256,192,64
2020-09-02,12716.0,12617.0,12650.0,12632.0,2020-09-02,99.0,18.0,2020-09-02 13:26:00,2020-09-02 12:07:00,2020-09-02 12:31:00,2020-09-02 12:37:00,59.6,31.0,2020,09,02,TX1,2020-09-02,202009W1,266,187,79
2020-08-26,12777.0,12746.0,12770.0,12747.0,2020-08-26,31.0,23.0,2020-08-26 13:29:00,2020-08-26 12:26:00,2020-08-26 12:47:00,2020-08-26 12:38:00,49.25,27.8,2020,08,26,TX4,2020-08-26,202008W4,269,206,63
2020-08-19,12872.0,12780.0,12831.0,12780.0,2020-08-19,92.0,51.0,2020-08-19 12:00:00,2020-08-19 12:52:00,2020-08-19 12:30:00,2020-08-19 12:52:00,54.85,29.15,2020,08,19,TXO,2020-08-19,202008,180,232,-52
2020-08-12,12644.0,12596.0,12644.0,12623.0,2020-08-12,48.0,21.0,2020-08-12 12:46:00,2020-08-12 13:13:00,2020-08-12 12:46:00,2020-08-12 12:55:00,55.2,30.6,2020,08,12,TX2,2020-08-12,202008W2,226,253,-27
2020-08-05,12735.0,12700.0,12735.0,12722.0,2020-08-05,35.0,13.0,2020-08-05 12:31:00,2020-08-05 13:06:00,2020-08-05 12:31:00,2020-08-05 12:55:00,58.35,28.55,2020,08,05,TX1,2020-08-05,202008W1,211,246,-35
2020-07-29,12499.0,12413.0,12478.0,12425.0,2020-07-29,86.0,53.0,2020-07-29 12:00:00,2020-07-29 13:13:00,2020-07-29 12:30:00,2020-07-29 12:50:00,56.9,29.75,2020,07,29,TX5,2020-07-29,202007W5,180,253,-73
2020-07-22,12346.0,12297.0,12346.0,12324.0,2020-07-22,49.0,22.0,2020-07-22 12:26:00,2020-07-22 13:02:00,2020-07-22 12:30:00,2020-07-22 12:54:00,49.65,27.6,2020,07,22,TX4,2020-07-22,202007W4,206,242,-36
2020-07-15,12251.0,12171.0,12251.0,12200.0,2020-07-15,80.0,51.0,2020-07-15 12:54:00,2020-07-15 12:00:00,2020-07-15 12:54:00,2020-07-15 12:30:00,48.35,27.15,2020,07,15,TXO,2020-07-15,202007,234,180,54
2020-07-08,12144.0,12105.0,12130.0,12110.0,2020-07-08,39.0,20.0,2020-07-08 13:21:00,2020-07-08 12:12:00,2020-07-08 12:47:00,2020-07-08 12:33:00,50.3,27.5,2020,07,08,TX2,2020-07-08,202007W2,261,192,69
2020-07-01,11623.0,11550.0,11615.0,11585.0,2020-07-01,73.0,30.0,2020-07-01 12:24:00,2020-07-01 13:20:00,2020-07-01 12:30:00,2020-07-01 12:55:00,48.1,25.0,2020,07,01,TX1,2020-07-01,202007W1,204,260,-56
2020-06-24,11531.0,11506.0,11531.0,11515.0,2020-06-24,25.0,16.0,2020-06-24 12:30:00,2020-06-24 12:03:00,2020-06-24 12:30:00,2020-06-24 12:51:00,49.45,24.45,2020,06,24,TX4,2020-06-24,202006W4,210,183,27
2020-06-17,11568.0,11501.0,11568.0,11534.0,2020-06-17,67.0,34.0,2020-06-17 12:30:00,2020-06-17 12:00:00,2020-06-17 12:30:00,2020-06-17 12:55:00,51.6,23.0,2020,06,17,TXO,2020-06-17,202006,210,180,30
2020-06-10,11713.0,11676.0,11709.0,11683.0,2020-06-10,37.0,26.0,2020-06-10 13:02:00,2020-06-10 12:11:00,2020-06-10 12:54:00,2020-06-10 12:30:00,44.45,22.1,2020,06,10,TX2,2020-06-10,202006W2,242,191,51
2020-06-03,11299.0,11274.0,11295.0,11281.0,2020-06-03,25.0,14.0,2020-06-03 13:13:00,2020-06-03 12:01:00,2020-06-03 12:52:00,2020-06-03 12:30:00,48.1,23.4,2020,06,03,TX1,2020-06-03,202006W1,253,181,72
2020-05-27,10999.0,10967.0,10997.0,10981.0,2020-05-27,32.0,16.0,2020-05-27 12:05:00,2020-05-27 13:22:00,2020-05-27 12:30:00,2020-05-27 12:53:00,47.8,22.8,2020,05,27,TX4,2020-05-27,202005W4,185,262,-77
2020-05-20,10920.0,10879.0,10920.0,10894.0,2020-05-20,41.0,26.0,2020-05-20 12:37:00,2020-05-20 13:01:00,2020-05-20 12:37:00,2020-05-20 12:52:00,50.55,23.95,2020,05,20,TXO,2020-05-20,202005,217,241,-24
2020-05-13,10925.0,10874.0,10925.0,10907.0,2020-05-13,51.0,18.0,2020-05-13 12:47:00,2020-05-13 12:13:00,2020-05-13 12:47:00,2020-05-13 12:30:00,50.4,23.65,2020,05,13,TX2,2020-05-13,202005W2,227,193,34
2020-05-06,10739.0,10691.0,10720.0,10703.0,2020-05-06,48.0,17.0,2020-05-06 13:26:00,2020-05-06 12:16:00,2020-05-06 12:38:00,2020-05-06 12:53:00,51.95,27.35,2020,05,06,TX1,2020-05-06,202005W1,266,196,70
2020-04-29,10770.0,10728.0,10757.0,10736.0,2020-04-29,42.0,21.0,2020-04-29 12:06:00,2020-04-29 13:21:00,2020-04-29 12:55:00,2020-04-29 12:37:00,56.75,33.65,2020,04,29,TX5,2020-04-29,202004W5,186,261,-75
2020-04-22,10215.0,10157.0,10183.0,10157.0,2020-04-22,58.0,26.0,2020-04-22 13:28:00,2020-04-22 12:43:00,2020-04-22 12:30:00,2020-04-22 12:43:00,75.2,47.65,2020,04,22,TX4,2020-04-22,202004W4,268,223,45
2020-04-15,10463.0,10410.0,10449.0,10422.0,2020-04-15,53.0,27.0,2020-04-15 12:26:00,2020-04-15 12:02:00,2020-04-15 12:49:00,2020-04-15 12:54:00,106.4,64.65,2020,04,15,TXO,2020-04-15,202004,206,182,24
2020-04-08,10135.0,10038.0,10131.0,10081.0,2020-04-08,97.0,50.0,2020-04-08 13:16:00,2020-04-08 12:07:00,2020-04-08 12:55:00,2020-04-08 12:31:00,152.15,83.5,2020,04,08,TX2,2020-04-08,202004W2,256,187,69
2020-04-01,9615.0,9565.0,9598.0,9565.0,2020-04-01,50.0,33.0,2020-04-01 13:07:00,2020-04-01 12:35:00,2020-04-01 12:37:00,2020-04-01 12:35:00,147.85,79.6,2020,04,01,TX1,2020-04-01,202004W1,247,215,32
2020-03-25,9575.0,9408.0,9529.0,9408.0,2020-03-25,167.0,121.0,2020-03-25 12:16:00,2020-03-25 12:50:00,2020-03-25 12:30:00,2020-03-25 12:50:00,137.55,69.5,2020,03,25,TX4,2020-03-25,202003W4,196,230,-34
2020-03-18,9386.0,9205.0,9327.0,9205.0,2020-03-18,181.0,122.0,2020-03-18 12:11:00,2020-03-18 12:47:00,2020-03-18 12:36:00,2020-03-18 12:47:00,106.3,52.5,2020,03,18,TXO,2020-03-18,202003,191,227,-36
2020-03-11,10951.0,10810.0,10945.0,10893.0,2020-03-11,141.0,52.0,2020-03-11 12:27:00,2020-03-11 13:26:00,2020-03-11 12:30:00,2020-03-11 12:55:00,52.9,24.75,2020,03,11,TX2,2020-03-11,202003W2,207,266,-59
2020-03-04,11363.0,11333.0,11360.0,11338.0,2020-03-04,30.0,22.0,2020-03-04 13:01:00,2020-03-04 12:11:00,2020-03-04 12:55:00,2020-03-04 12:31:00,46.65,23.3,2020,03,04,TX1,2020-03-04,202003W1,241,191,50
2020-02-26,11458.0,11410.0,11440.0,11422.0,2020-02-26,48.0,18.0,2020-02-26 12:00:00,2020-02-26 13:05:00,2020-02-26 12:38:00,2020-02-26 12:35:00,45.6,22.75,2020,02,26,TX4,2020-02-26,202002W4,180,245,-65
2020-02-19,11805.0,11749.0,11805.0,11765.0,2020-02-19,56.0,40.0,2020-02-19 12:35:00,2020-02-19 13:01:00,2020-02-19 12:35:00,2020-02-19 12:50:00,44.7,22.25,2020,02,19,TXO,2020-02-19,202002,215,241,-26
2020-02-12,11797.0,11758.0,11789.0,11775.0,2020-02-12,39.0,14.0,2020-02-12 13:08:00,2020-02-12 12:00:00,2020-02-12 12:50:00,2020-02-12 12:38:00,45.4,20.6,2020,02,12,TX2,2020-02-12,202002W2,248,180,68
2020-02-05,11588.0,11535.0,11568.0,11538.0,2020-02-05,53.0,30.0,2020-02-05 12:01:00,2020-02-05 12:59:00,2020-02-05 12:35:00,2020-02-05 12:55:00,43.2,19.35,2020,02,05,TX1,2020-02-05,202002W1,181,239,-58
2020-01-30,11470.0,11374.0,11444.0,11406.0,2020-01-30,96.0,38.0,2020-01-30 12:03:00,2020-01-30 13:30:00,2020-01-30 12:41:00,2020-01-30 12:37:00,37.25,16.1,2020,01,30,TX4,2020-01-30,202001W4,183,270,-87
2020-01-15,12125.0,12058.0,12124.0,12088.0,2020-01-15,67.0,36.0,2020-01-15 12:25:00,2020-01-15 13:10:00,2020-01-15 12:31:00,2020-01-15 12:53:00,34.35,15.85,2020,01,15,TXO,2020-01-15,202001,205,250,-45
2020-01-08,11871.0,11806.0,11852.0,11838.0,2020-01-08,65.0,14.0,2020-01-08 12:00:00,2020-01-08 13:30:00,2020-01-08 12:33:00,2020-01-08 12:32:00,33.7,14.35,2020,01,08,TX2,2020-01-08,202001W2,180,270,-90
2020-01-02,12120.0,12097.0,12118.0,12104.0,2020-01-02,23.0,14.0,2020-01-02 12:16:00,2020-01-02 13:20:00,2020-01-02 12:34:00,2020-01-02 12:46:00,28.25,13.2,2020,01,02,TX1,2020-01-02,202001W1,196,260,-64
2019-12-25,12027.0,11994.0,12003.0,11997.0,2019-12-25,33.0,6.0,2019-12-25 13:24:00,2019-12-25 12:00:00,2019-12-25 12:45:00,2019-12-25 12:32:00,29.95,14.05,2019,12,25,TX4,2019-12-25,201912W4,264,180,84
2019-12-18,12129.0,12105.0,12127.0,12111.0,2019-12-18,24.0,16.0,2019-12-18 12:25:00,2019-12-18 12:01:00,2019-12-18 12:32:00,2019-12-18 12:51:00,30.0,13.4,2019,12,18,TXO,2019-12-18,201912,205,181,24
2019-12-11,11695.0,11670.0,11695.0,11683.0,2019-12-11,25.0,12.0,2019-12-11 12:34:00,2019-12-11 12:04:00,2019-12-11 12:34:00,2019-12-11 12:45:00,28.9,12.95,2019,12,11,TX2,2019-12-11,201912W2,214,184,30
2019-12-04,11499.0,11457.0,11485.0,11473.0,2019-12-04,42.0,12.0,2019-12-04 13:30:00,2019-12-04 12:06:00,2019-12-04 12:48:00,2019-12-04 12:34:00,31.65,12.95,2019,12,04,TX1,2019-12-04,201912W1,270,186,84
2019-11-27,11651.0,11627.0,11639.0,11632.0,2019-11-27,24.0,7.0,2019-11-27 13:27:00,2019-11-27 12:02:00,2019-11-27 12:40:00,2019-11-27 12:30:00,31.9,12.6,2019,11,27,TX4,2019-11-27,201911W4,267,182,85
2019-11-20,11622.0,11594.0,11622.0,11602.0,2019-11-20,28.0,20.0,2019-11-20 12:46:00,2019-11-20 12:00:00,2019-11-20 12:46:00,2019-11-20 12:31:00,29.35,11.85,2019,11,20,TXO,2019-11-20,201911,226,180,46
2019-11-13,11474.0,11452.0,11467.0,11457.0,2019-11-13,22.0,10.0,2019-11-13 13:07:00,2019-11-13 13:24:00,2019-11-13 12:45:00,2019-11-13 12:30:00,26.8,10.9,2019,11,13,TX2,2019-11-13,201911W2,247,264,-17
2019-11-06,11675.0,11632.0,11665.0,11641.0,2019-11-06,43.0,24.0,2019-11-06 13:06:00,2019-11-06 12:09:00,2019-11-06 12:53:00,2019-11-06 12:30:00,23.6,10.8,2019,11,06,TX1,2019-11-06,201911W1,246,189,57
2019-10-30,11351.0,11327.0,11334.0,11327.0,2019-10-30,24.0,7.0,2019-10-30 13:03:00,2019-10-30 12:51:00,2019-10-30 12:30:00,2019-10-30 12:51:00,21.1,9.9,2019,10,30,TX5,2019-10-30,201910W5,243,231,12
2019-10-23,11216.0,11182.0,11202.0,11189.0,2019-10-23,34.0,13.0,2019-10-23 13:23:00,2019-10-23 12:13:00,2019-10-23 12:52:00,2019-10-23 12:30:00,21.85,10.0,2019,10,23,TX4,2019-10-23,201910W4,263,193,70
2019-10-16,11164.0,11135.0,11161.0,11135.0,2019-10-16,29.0,26.0,2019-10-16 12:58:00,2019-10-16 12:53:00,2019-10-16 12:31:00,2019-10-16 12:53:00,21.65,10.35,2019,10,16,TXO,2019-10-16,201910,238,233,5
2019-10-09,10939.0,10895.0,10936.0,10915.0,2019-10-09,44.0,21.0,2019-10-09 12:01:00,2019-10-09 13:30:00,2019-10-09 12:31:00,2019-10-09 12:38:00,21.65,9.7,2019,10,09,TX2,2019-10-09,201910W2,181,270,-89
2019-10-02,10937.0,10924.0,10933.0,10924.0,2019-10-02,13.0,9.0,2019-10-02 12:11:00,2019-10-02 12:38:00,2019-10-02 12:30:00,2019-10-02 12:38:00,21.25,9.4,2019,10,02,TX1,2019-10-02,201910W1,191,218,-27
2019-09-25,10846.0,10815.0,10834.0,10826.0,2019-09-25,31.0,8.0,2019-09-25 13:27:00,2019-09-25 13:07:00,2019-09-25 12:41:00,2019-09-25 12:52:00,21.25,9.4,2019,09,25,TX4,2019-09-25,201909W4,267,247,20
2019-09-18,10963.0,10935.0,10954.0,10936.0,2019-09-18,28.0,18.0,2019-09-18 13:08:00,2019-09-18 12:23:00,2019-09-18 12:53:00,2019-09-18 12:30:00,23.15,11.1,2019,09,18,TXO,2019-09-18,201909,248,203,45
2019-09-11,10783.0,10753.0,10771.0,10764.0,2019-09-11,30.0,7.0,2019-09-11 12:06:00,2019-09-11 13:11:00,2019-09-11 12:50:00,2019-09-11 12:37:00,22.95,10.7,2019,09,11,TX2,2019-09-11,201909W2,186,251,-65
2019-09-04,10657.0,10622.0,10643.0,10627.0,2019-09-04,35.0,16.0,2019-09-04 13:22:00,2019-09-04 12:00:00,2019-09-04 12:41:00,2019-09-04 12:30:00,25.45,12.0,2019,09,04,TX1,2019-09-04,201909W1,262,180,82
2019-08-28,10418.0,10406.0,10413.0,10408.0,2019-08-28,12.0,5.0,2019-08-28 13:25:00,2019-08-28 13:03:00,2019-08-28 12:54:00,2019-08-28 12:30:00,25.95,13.25,2019,08,28,TX4,2019-08-28,201908W4,265,243,22
2019-08-21,10544.0,10520.0,10539.0,10520.0,2019-08-21,24.0,19.0,2019-08-21 13:00:00,2019-08-21 12:32:00,2019-08-21 12:34:00,2019-08-21 12:32:00,23.75,12.2,2019,08,21,TXO,2019-08-21,201908,240,212,28
2019-08-14,10452.0,10418.0,10448.0,10437.0,2019-08-14,34.0,11.0,2019-08-14 12:02:00,2019-08-14 13:30:00,2019-08-14 12:51:00,2019-08-14 12:38:00,23.9,12.35,2019,08,14,TX2,2019-08-14,201908W2,182,270,-88
2019-08-07,10345.0,10306.0,10337.0,10320.0,2019-08-07,39.0,17.0,2019-08-07 12:12:00,2019-08-07 13:12:00,2019-08-07 12:31:00,2019-08-07 12:52:00,21.75,11.4,2019,08,07,TX1,2019-08-07,201908W1,192,252,-60
2019-07-31,10743.0,10722.0,10742.0,10732.0,2019-07-31,21.0,10.0,2019-07-31 12:21:00,2019-07-31 12:00:00,2019-07-31 12:34:00,2019-07-31 12:38:00,17.1,9.15,2019,07,31,TX5,2019-07-31,201907W5,201,180,21
2019-07-24,10813.0,10792.0,10812.0,10806.0,2019-07-24,21.0,6.0,2019-07-24 12:02:00,2019-07-24 13:18:00,2019-07-24 12:51:00,2019-07-24 12:30:00,19.3,9.5,2019,07,24,TX4,2019-07-24,201907W4,182,258,-76
2019-07-17,10855.0,10820.0,10851.0,10821.0,2019-07-17,35.0,30.0,2019-07-17 12:58:00,2019-07-17 12:27:00,2019-07-17 12:54:00,2019-07-17 12:30:00,20.8,10.9,2019,07,17,TXO,2019-07-17,201907,238,207,31
2019-07-10,10741.0,10725.0,10733.0,10728.0,2019-07-10,16.0,5.0,2019-07-10 13:19:00,2019-07-10 12:56:00,2019-07-10 12:38:00,2019-07-10 12:45:00,23.65,12.2,2019,07,10,TX2,2019-07-10,201907W2,259,236,23
2019-07-03,10653.0,10623.0,10634.0,10623.0,2019-07-03,30.0,11.0,2019-07-03 13:28:00,2019-07-03 12:44:00,2019-07-03 12:55:00,2019-07-03 12:44:00,25.15,12.7,2019,07,03,TX1,2019-07-03,201907W1,268,224,44
2019-06-26,10517.0,10499.0,10517.0,10508.0,2019-06-26,18.0,9.0,2019-06-26 12:47:00,2019-06-26 12:13:00,2019-06-26 12:47:00,2019-06-26 12:30:00,26.95,14.2,2019,06,26,TX4,2019-06-26,201906W4,227,193,34
2019-06-19,10800.0,10711.0,10768.0,10712.0,2019-06-19,89.0,56.0,2019-06-19 13:01:00,2019-06-19 12:26:00,2019-06-19 12:53:00,2019-06-19 12:30:00,28.7,15.35,2019,06,19,TXO,2019-06-19,201906,241,206,35
2019-06-12,10611.0,10586.0,10601.0,10588.0,2019-06-12,25.0,13.0,2019-06-12 13:05:00,2019-06-12 12:16:00,2019-06-12 12:43:00,2019-06-12 12:30:00,29.75,15.05,2019,06,12,TX2,2019-06-12,201906W2,245,196,49
2019-06-05,10470.0,10439.0,10459.0,10442.0,2019-06-05,31.0,17.0,2019-06-05 12:02:00,2019-06-05 13:02:00,2019-06-05 12:32:00,2019-06-05 12:46:00,36.8,18.55,2019,06,05,TX1,2019-06-05,201906W1,182,242,-60
2019-05-29,10292.0,10270.0,10285.0,10278.0,2019-05-29,22.0,7.0,2019-05-29 13:29:00,2019-05-29 12:12:00,2019-05-29 12:43:00,2019-05-29 12:31:00,34.8,17.6,2019,05,29,TX5,2019-05-29,201905W5,269,192,77
2019-05-22,10503.0,10475.0,10498.0,10477.0,2019-05-22,28.0,21.0,2019-05-22 12:00:00,2019-05-22 13:28:00,2019-05-22 12:30:00,2019-05-22 12:38:00,35.2,16.85,2019,05,22,TX4,2019-05-22,201905W4,180,268,-88
2019-05-15,10609.0,10576.0,10606.0,10589.0,2019-05-15,33.0,17.0,2019-05-15 12:13:00,2019-05-15 13:05:00,2019-05-15 12:51:00,2019-05-15 12:38:00,34.8,16.45,2019,05,15,TXO,2019-05-15,201905,193,245,-52
2019-05-08,10919.0,10905.0,10918.0,10905.0,2019-05-08,14.0,13.0,2019-05-08 12:00:00,2019-05-08 12:41:00,2019-05-08 12:30:00,2019-05-08 12:41:00,27.45,12.7,2019,05,08,TX2,2019-05-08,201905W2,180,221,-41
2019-05-02,10989.0,10969.0,10989.0,10976.0,2019-05-02,20.0,13.0,2019-05-02 12:50:00,2019-05-02 13:23:00,2019-05-02 12:50:00,2019-05-02 12:30:00,26.45,11.75,2019,05,02,TX1,2019-05-02,201905W1,230,263,-33
2019-04-24,11006.0,10970.0,10989.0,10970.0,2019-04-24,36.0,19.0,2019-04-24 13:27:00,2019-04-24 12:44:00,2019-04-24 12:33:00,2019-04-24 12:44:00,26.2,12.0,2019,04,24,TX4,2019-04-24,201904W4,267,224,43
2019-04-17,11010.0,10976.0,10998.0,10979.0,2019-04-17,34.0,19.0,2019-04-17 13:02:00,2019-04-17 12:28:00,2019-04-17 12:54:00,2019-04-17 12:30:00,24.25,11.05,2019,04,17,TXO,2019-04-17,201904,242,208,34
2019-04-10,10869.0,10833.0,10853.0,10840.0,2019-04-10,36.0,13.0,2019-04-10 13:16:00,2019-04-10 12:00:00,2019-04-10 12:47:00,2019-04-10 12:30:00,24.35,10.25,2019,04,10,TX2,2019-04-10,201904W2,256,180,76
2019-04-03,10715.0,10686.0,10708.0,10694.0,2019-04-03,29.0,14.0,2019-04-03 13:01:00,2019-04-03 13:29:00,2019-04-03 12:54:00,2019-04-03 12:30:00,23.8,11.05,2019,04,03,TX1,2019-04-03,201904W1,241,269,-28
2019-03-27,10533.0,10514.0,10533.0,10522.0,2019-03-27,19.0,11.0,2019-03-27 12:31:00,2019-03-27 13:01:00,2019-03-27 12:31:00,2019-03-27 12:51:00,23.4,11.4,2019,03,27,TX4,2019-03-27,201903W4,211,241,-30
2019-03-20,10549.0,10516.0,10531.0,10518.0,2019-03-20,33.0,13.0,2019-03-20 13:03:00,2019-03-20 12:22:00,2019-03-20 12:55:00,2019-03-20 12:30:00,23.0,11.4,2019,03,20,TXO,2019-03-20,201903,243,202,41
2019-03-13,10354.0,10336.0,10354.0,10348.0,2019-03-13,18.0,6.0,2019-03-13 12:31:00,2019-03-13 13:05:00,2019-03-13 12:31:00,2019-03-13 12:33:00,21.55,11.1,2019,03,13,TX2,2019-03-13,201903W2,211,245,-34
2019-03-06,10324.0,10307.0,10322.0,10314.0,2019-03-06,17.0,8.0,2019-03-06 12:21:00,2019-03-06 13:12:00,2019-03-06 12:41:00,2019-03-06 12:49:00,21.25,10.45,2019,03,06,TX1,2019-03-06,201903W1,201,252,-51
2019-02-27,10370.0,10343.0,10367.0,10351.0,2019-02-27,27.0,16.0,2019-02-27 13:00:00,2019-02-27 12:06:00,2019-02-27 12:55:00,2019-02-27 12:30:00,21.8,11.1,2019,02,27,TX4,2019-02-27,201902W4,240,186,54
2019-02-20,10258.0,10222.0,10252.0,10231.0,2019-02-20,36.0,21.0,2019-02-20 13:18:00,2019-02-20 12:01:00,2019-02-20 12:46:00,2019-02-20 12:30:00,23.55,12.75,2019,02,20,TXO,2019-02-20,201902,258,181,77
2019-02-13,10088.0,10071.0,10084.0,10074.0,2019-02-13,17.0,10.0,2019-02-13 13:19:00,2019-02-13 12:22:00,2019-02-13 12:54:00,2019-02-13 12:35:00,25.15,12.9,2019,02,13,TX2,2019-02-13,201902W2,259,202,57
2019-02-11,10018.0,10000.0,10014.0,10006.0,2019-02-11,18.0,8.0,2019-02-11 13:16:00,2019-02-11 13:06:00,2019-02-11 12:43:00,2019-02-11 12:40:00,26.7,14.2,2019,02,11,TX1,2019-02-11,201902W1,256,246,10
2019-01-30,9950.0,9920.0,9931.0,9923.0,2019-01-30,30.0,8.0,2019-01-30 12:01:00,2019-01-30 13:16:00,2019-01-30 12:30:00,2019-01-30 12:35:00,27.75,14.85,2019,01,30,TX5,2019-01-30,201901W5,181,256,-75
2019-01-23,9828.0,9807.0,9828.0,9814.0,2019-01-23,21.0,14.0,2019-01-23 12:34:00,2019-01-23 13:03:00,2019-01-23 12:34:00,2019-01-23 12:55:00,31.8,17.05,2019,01,23,TX4,2019-01-23,201901W4,214,243,-29
2019-01-16,9798.0,9771.0,9798.0,9777.0,2019-01-16,27.0,21.0,2019-01-16 12:55:00,2019-01-16 12:16:00,2019-01-16 12:55:00,2019-01-16 12:30:00,34.5,18.3,2019,01,16,TXO,2019-01-16,201901,235,196,39
2019-01-09,9755.0,9720.0,9755.0,9743.0,2019-01-09,35.0,12.0,2019-01-09 12:54:00,2019-01-09 13:25:00,2019-01-09 12:54:00,2019-01-09 12:36:00,35.2,19.5,2019,01,09,TX2,2019-01-09,201901W2,234,265,-31
2019-01-02,9545.0,9506.0,9527.0,9506.0,2019-01-02,39.0,21.0,2019-01-02 12:01:00,2019-01-02 12:39:00,2019-01-02 12:30:00,2019-01-02 12:39:00,36.7,21.45,2019,01,02,TX1,2019-01-02,201901W1,181,219,-38
2018-12-26,9515.0,9438.0,9495.0,9467.0,2018-12-26,77.0,28.0,2018-12-26 12:06:00,2018-12-26 13:20:00,2018-12-26 12:35:00,2018-12-26 12:50:00,38.15,22.3,2018,12,26,TX4,2018-12-26,201812W4,186,260,-74
2018-12-19,9778.0,9757.0,9778.0,9757.0,2018-12-19,21.0,21.0,2018-12-19 12:37:00,2018-12-19 12:47:00,2018-12-19 12:37:00,2018-12-19 12:47:00,38.3,20.95,2018,12,19,TXO,2018-12-19,201812,217,227,-10
2018-12-12,9827.0,9773.0,9806.0,9787.0,2018-12-12,54.0,19.0,2018-12-12 13:04:00,2018-12-12 12:00:00,2018-12-12 12:52:00,2018-12-12 12:30:00,40.35,21.25,2018,12,12,TX2,2018-12-12,201812W2,244,180,64
2018-12-05,9899.0,9865.0,9897.0,9872.0,2018-12-05,34.0,25.0,2018-12-05 12:02:00,2018-12-05 13:02:00,2018-12-05 12:55:00,2018-12-05 12:30:00,40.15,20.65,2018,12,05,TX1,2018-12-05,201812W1,182,242,-60
2018-11-28,9880.0,9818.0,9853.0,9823.0,2018-11-28,62.0,30.0,2018-11-28 13:16:00,2018-11-28 12:17:00,2018-11-28 12:49:00,2018-11-28 12:30:00,39.35,21.05,2018,11,28,TX4,2018-11-28,201811W4,256,197,59
2018-11-21,9760.0,9706.0,9751.0,9718.0,2018-11-21,54.0,33.0,2018-11-21 12:59:00,2018-11-21 12:20:00,2018-11-21 12:48:00,2018-11-21 12:30:00,46.4,24.3,2018,11,21,TXO,2018-11-21,201811,239,200,39
2018-11-14,9782.0,9757.0,9780.0,9761.0,2018-11-14,25.0,19.0,2018-11-14 12:23:00,2018-11-14 12:56:00,2018-11-14 12:51:00,2018-11-14 12:55:00,51.5,25.55,2018,11,14,TX2,2018-11-14,201811W2,203,236,-33
2018-11-07,9886.0,9859.0,9883.0,9865.0,2018-11-07,27.0,18.0,2018-11-07 12:13:00,2018-11-07 13:21:00,2018-11-07 12:51:00,2018-11-07 12:30:00,62.95,28.8,2018,11,07,TX1,2018-11-07,201811W1,193,261,-68
2018-10-31,9725.0,9658.0,9692.0,9682.0,2018-10-31,67.0,10.0,2018-10-31 13:30:00,2018-10-31 12:16:00,2018-10-31 12:30:00,2018-10-31 12:41:00,61.75,28.55,2018,10,31,TX5,2018-10-31,201810W5,270,196,74
2018-10-24,9791.0,9704.0,9781.0,9754.0,2018-10-24,87.0,27.0,2018-10-24 12:22:00,2018-10-24 13:29:00,2018-10-24 12:37:00,2018-10-24 12:41:00,49.75,23.85,2018,10,24,TX4,2018-10-24,201810W4,202,269,-67
2018-10-17,10043.0,9987.0,10013.0,9997.0,2018-10-17,56.0,16.0,2018-10-17 12:03:00,2018-10-17 13:10:00,2018-10-17 12:35:00,2018-10-17 12:31:00,41.9,21.2,2018,10,17,TXO,2018-10-17,201810,183,250,-67
2018-10-11,9826.0,9666.0,9826.0,9757.0,2018-10-11,160.0,69.0,2018-10-11 12:48:00,2018-10-11 13:29:00,2018-10-11 12:48:00,2018-10-11 12:31:00,35.25,19.25,2018,10,11,TX2,2018-10-11,201810W2,228,269,-41
2018-10-03,10865.0,10845.0,10860.0,10846.0,2018-10-03,20.0,14.0,2018-10-03 12:00:00,2018-10-03 12:14:00,2018-10-03 12:45:00,2018-10-03 12:32:00,28.95,15.4,2018,10,03,TX1,2018-10-03,201810W1,180,194,-14
2018-09-26,10972.0,10949.0,10967.0,10955.0,2018-09-26,23.0,12.0,2018-09-26 13:26:00,2018-09-26 13:03:00,2018-09-26 12:35:00,2018-09-26 12:46:00,32.3,15.95,2018,09,26,TX4,2018-09-26,201809W4,266,243,23
2018-09-19,10875.0,10852.0,10867.0,10852.0,2018-09-19,23.0,15.0,2018-09-19 13:01:00,2018-09-19 12:50:00,2018-09-19 12:45:00,2018-09-19 12:50:00,33.6,15.95,2018,09,19,TXO,2018-09-19,201809,241,230,11
2018-09-12,10731.0,10687.0,10715.0,10687.0,2018-09-12,44.0,28.0,2018-09-12 13:01:00,2018-09-12 12:31:00,2018-09-12 12:47:00,2018-09-12 12:31:00,35.45,17.45,2018,09,12,TX2,2018-09-12,201809W2,241,211,30
2018-09-05,10996.0,10956.0,10989.0,10972.0,2018-09-05,40.0,17.0,2018-09-05 12:00:00,2018-09-05 13:06:00,2018-09-05 12:38:00,2018-09-05 12:55:00,36.7,17.05,2018,09,05,TX1,2018-09-05,201809W1,180,246,-66
2018-08-29,11048.0,11006.0,11044.0,11029.0,2018-08-29,42.0,15.0,2018-08-29 13:29:00,2018-08-29 13:09:00,2018-08-29 12:31:00,2018-08-29 12:51:00,34.95,17.15,2018,08,29,TX5,2018-08-29,201808W5,269,249,20
2018-08-22,10793.0,10754.0,10789.0,10770.0,2018-08-22,39.0,19.0,2018-08-22 12:01:00,2018-08-22 13:13:00,2018-08-22 12:41:00,2018-08-22 12:51:00,31.9,17.1,2018,08,22,TX4,2018-08-22,201808W4,181,253,-72
2018-08-15,10749.0,10696.0,10731.0,10702.0,2018-08-15,53.0,29.0,2018-08-15 13:12:00,2018-08-15 12:19:00,2018-08-15 12:47:00,2018-08-15 12:32:00,31.3,15.9,2018,08,15,TXO,2018-08-15,201808,252,199,53
2018-08-08,11068.0,11032.0,11060.0,11040.0,2018-08-08,36.0,20.0,2018-08-08 12:14:00,2018-08-08 13:10:00,2018-08-08 12:31:00,2018-08-08 12:52:00,28.6,15.0,2018,08,08,TX2,2018-08-08,201808W2,194,250,-56
2018-08-01,11057.0,11037.0,11055.0,11044.0,2018-08-01,20.0,11.0,2018-08-01 13:26:00,2018-08-01 12:00:00,2018-08-01 12:41:00,2018-08-01 12:30:00,35.1,15.05,2018,08,01,TX1,2018-08-01,201808W1,266,180,86
2018-07-25,10880.0,10867.0,10880.0,10870.0,2018-07-25,13.0,10.0,2018-07-25 12:54:00,2018-07-25 12:04:00,2018-07-25 12:54:00,2018-07-25 12:41:00,40.55,17.25,2018,07,25,TX4,2018-07-25,201807W4,234,184,50
2018-07-18,10846.0,10791.0,10812.0,10794.0,2018-07-18,55.0,18.0,2018-07-18 13:06:00,2018-07-18 12:10:00,2018-07-18 12:55:00,2018-07-18 12:30:00,41.75,17.25,2018,07,18,TXO,2018-07-18,201807,246,190,56
2018-07-11,10646.0,10600.0,10638.0,10628.0,2018-07-11,46.0,10.0,2018-07-11 12:01:00,2018-07-11 13:19:00,2018-07-11 12:41:00,2018-07-11 12:43:00,43.9,17.35,2018,07,11,TX2,2018-07-11,201807W2,181,259,-78
2018-07-04,10634.0,10585.0,10607.0,10585.0,2018-07-04,49.0,22.0,2018-07-04 13:14:00,2018-07-04 12:48:00,2018-07-04 12:54:00,2018-07-04 12:48:00,39.75,16.55,2018,07,04,TX1,2018-07-04,201807W1,254,228,26
2018-06-27,10578.0,10538.0,10575.0,10556.0,2018-06-27,40.0,19.0,2018-06-27 13:02:00,2018-06-27 13:29:00,2018-06-27 12:54:00,2018-06-27 12:34:00,35.95,14.65,2018,06,27,TX4,2018-06-27,201806W4,242,269,-27
2018-06-20,10951.0,10903.0,10951.0,10918.0,2018-06-20,48.0,33.0,2018-06-20 12:31:00,2018-06-20 12:00:00,2018-06-20 12:31:00,2018-06-20 12:55:00,34.7,14.25,2018,06,20,TXO,2018-06-20,201806,211,180,31
2018-06-13,11153.0,11138.0,11148.0,11139.0,2018-06-13,15.0,9.0,2018-06-13 13:09:00,2018-06-13 12:28:00,2018-06-13 12:52:00,2018-06-13 12:43:00,29.8,13.2,2018,06,13,TX2,2018-06-13,201806W2,249,208,41
2018-06-06,11210.0,11174.0,11190.0,11180.0,2018-06-06,36.0,10.0,2018-06-06 13:10:00,2018-06-06 12:06:00,2018-06-06 12:30:00,2018-06-06 12:34:00,28.5,13.05,2018,06,06,TX1,2018-06-06,201806W1,250,186,64
2018-05-30,10809.0,10775.0,10805.0,10783.0,2018-05-30,34.0,22.0,2018-05-30 12:56:00,2018-05-30 13:30:00,2018-05-30 12:55:00,2018-05-30 12:46:00,27.85,15.15,2018,05,30,TX5,2018-05-30,201805W5,236,270,-34
2018-05-23,10897.0,10856.0,10894.0,10875.0,2018-05-23,41.0,19.0,2018-05-23 12:56:00,2018-05-23 12:00:00,2018-05-23 12:37:00,2018-05-23 12:30:00,31.25,16.75,2018,05,23,TX4,2018-05-23,201805W4,236,180,56
2018-05-16,10904.0,10865.0,10900.0,10883.0,2018-05-16,39.0,17.0,2018-05-16 12:09:00,2018-05-16 13:04:00,2018-05-16 12:31:00,2018-05-16 12:55:00,31.25,18.9,2018,05,16,TXO,2018-05-16,201805,189,244,-55
2018-05-09,10715.0,10694.0,10715.0,10702.0,2018-05-09,21.0,13.0,2018-05-09 12:34:00,2018-05-09 13:29:00,2018-05-09 12:34:00,2018-05-09 12:30:00,31.35,19.55,2018,05,09,TX2,2018-05-09,201805W2,214,269,-55
2018-05-02,10652.0,10597.0,10644.0,10625.0,2018-05-02,55.0,19.0,2018-05-02 12:01:00,2018-05-02 13:16:00,2018-05-02 12:30:00,2018-05-02 12:54:00,35.05,17.8,2018,05,02,TX1,2018-05-02,201805W1,181,256,-75
2018-04-25,10558.0,10522.0,10558.0,10543.0,2018-04-25,36.0,15.0,2018-04-25 12:36:00,2018-04-25 12:00:00,2018-04-25 12:36:00,2018-04-25 12:49:00,34.7,16.95,2018,04,25,TX4,2018-04-25,201804W4,216,180,36
2018-04-18,10850.0,10817.0,10846.0,10818.0,2018-04-18,33.0,28.0,2018-04-18 12:56:00,2018-04-18 12:01:00,2018-04-18 12:55:00,2018-04-18 12:43:00,37.85,17.25,2018,04,18,TXO,2018-04-18,201804,236,181,55
2018-04-11,10983.0,10960.0,10975.0,10960.0,2018-04-11,23.0,15.0,2018-04-11 13:07:00,2018-04-11 12:41:00,2018-04-11 12:53:00,2018-04-11 12:41:00,41.55,16.55,2018,04,11,TX2,2018-04-11,201804W2,247,221,26
2018-04-09,10911.0,10885.0,10903.0,10889.0,2018-04-09,26.0,14.0,2018-04-09 13:11:00,2018-04-09 12:18:00,2018-04-09 12:46:00,2018-04-09 12:36:00,40.55,17.1,2018,04,09,TX1,2018-04-09,201804W1,251,198,53
2018-03-28,10864.0,10809.0,10864.0,10845.0,2018-03-28,55.0,19.0,2018-03-28 12:26:00,2018-03-28 13:29:00,2018-03-28 12:34:00,2018-03-28 12:44:00,39.9,18.15,2018,03,28,TX4,2018-03-28,201803W4,206,269,-63
2018-03-21,11063.0,11035.0,11061.0,11039.0,2018-03-21,28.0,22.0,2018-03-21 12:57:00,2018-03-21 12:10:00,2018-03-21 12:55:00,2018-03-21 12:30:00,38.65,17.75,2018,03,21,TXO,2018-03-21,201803,237,190,47
2018-03-14,11050.0,11010.0,11034.0,11017.0,2018-03-14,40.0,17.0,2018-03-14 13:06:00,2018-03-14 12:11:00,2018-03-14 12:49:00,2018-03-14 12:40:00,46.35,25.6,2018,03,14,TX2,2018-03-14,201803W2,246,191,55
2018-03-07,10749.0,10706.0,10744.0,10725.0,2018-03-07,43.0,19.0,2018-03-07 12:00:00,2018-03-07 13:17:00,2018-03-07 12:54:00,2018-03-07 12:30:00,49.05,27.15,2018,03,07,TX1,2018-03-07,201803W1,180,257,-77
2018-03-01,10778.0,10744.0,10776.0,10755.0,2018-03-01,34.0,21.0,2018-03-01 13:01:00,2018-03-01 12:13:00,2018-03-01 12:53:00,2018-03-01 12:30:00,51.6,29.6,2018,03,01,TX4,2018-03-01,201802W4,241,193,48
2018-02-21,10718.0,10672.0,10702.0,10677.0,2018-02-21,46.0,25.0,2018-02-21 13:01:00,2018-02-21 12:06:00,2018-02-21 12:51:00,2018-02-21 12:35:00,53.25,31.0,2018,02,21,TXO,2018-02-21,201802,241,186,55
2018-02-07,10597.0,10516.0,10597.0,10553.0,2018-02-07,81.0,44.0,2018-02-07 12:48:00,2018-02-07 13:30:00,2018-02-07 12:48:00,2018-02-07 12:55:00,50.0,28.3,2018,02,07,TX1,2018-02-07,201802W1,228,270,-42
2018-01-31,11144.0,11098.0,11117.0,11099.0,2018-01-31,46.0,18.0,2018-01-31 13:06:00,2018-01-31 12:25:00,2018-01-31 12:55:00,2018-01-31 12:35:00,38.35,21.15,2018,01,31,TX5,2018-01-31,201801W5,246,205,41
2018-01-24,11133.0,11101.0,11123.0,11101.0,2018-01-24,32.0,22.0,2018-01-24 13:27:00,2018-01-24 12:36:00,2018-01-24 12:37:00,2018-01-24 12:36:00,31.4,16.5,2018,01,24,TX4,2018-01-24,201801W4,267,216,51
2018-01-17,11024.0,10961.0,11007.0,10969.0,2018-01-17,63.0,38.0,2018-01-17 13:13:00,2018-01-17 12:15:00,2018-01-17 12:55:00,2018-01-17 12:31:00,28.8,14.8,2018,01,17,TXO,2018-01-17,201801,253,195,58
2018-01-10,10842.0,10815.0,10833.0,10816.0,2018-01-10,27.0,17.0,2018-01-10 12:11:00,2018-01-10 13:21:00,2018-01-10 12:30:00,2018-01-10 12:52:00,29.0,15.6,2018,01,10,TX2,2018-01-10,201801W2,191,261,-70
2018-01-03,10795.0,10778.0,10793.0,10778.0,2018-01-03,17.0,15.0,2018-01-03 12:03:00,2018-01-03 12:41:00,2018-01-03 12:51:00,2018-01-03 12:41:00,31.9,16.45,2018,01,03,TX1,2018-01-03,201801W1,183,221,-38
2017-12-27,10481.0,10455.0,10467.0,10455.0,2017-12-27,26.0,12.0,2017-12-27 12:00:00,2017-12-27 12:52:00,2017-12-27 12:33:00,2017-12-27 12:52:00,35.15,19.0,2017,12,27,TX4,2017-12-27,201712W4,180,232,-52
2017-12-20,10509.0,10475.0,10501.0,10487.0,2017-12-20,34.0,14.0,2017-12-20 12:18:00,2017-12-20 13:01:00,2017-12-20 12:30:00,2017-12-20 12:54:00,33.0,18.65,2017,12,20,TXO,2017-12-20,201712,198,241,-43
2017-12-13,10455.0,10432.0,10454.0,10432.0,2017-12-13,23.0,22.0,2017-12-13 12:26:00,2017-12-13 12:55:00,2017-12-13 12:33:00,2017-12-13 12:55:00,31.0,17.05,2017,12,13,TX2,2017-12-13,201712W2,206,235,-29
2017-12-06,10442.0,10375.0,10408.0,10375.0,2017-12-06,67.0,33.0,2017-12-06 12:01:00,2017-12-06 12:35:00,2017-12-06 12:55:00,2017-12-06 12:35:00,35.25,19.0,2017,12,06,TX1,2017-12-06,201712W1,181,215,-34
2017-11-29,10727.0,10711.0,10722.0,10716.0,2017-11-29,16.0,6.0,2017-11-29 13:30:00,2017-11-29 13:01:00,2017-11-29 12:44:00,2017-11-29 12:55:00,27.55,14.65,2017,11,29,TX5,2017-11-29,201711W5,270,241,29
2017-11-22,10867.0,10808.0,10854.0,10821.0,2017-11-22,59.0,33.0,2017-11-22 12:07:00,2017-11-22 13:10:00,2017-11-22 12:31:00,2017-11-22 12:54:00,30.25,15.95,2017,11,22,TX4,2017-11-22,201711W4,187,250,-63
2017-11-15,10639.0,10603.0,10636.0,10621.0,2017-11-15,36.0,15.0,2017-11-15 13:24:00,2017-11-15 12:00:00,2017-11-15 12:36:00,2017-11-15 12:50:00,28.65,15.2,2017,11,15,TXO,2017-11-15,201711,264,180,84
2017-11-08,10814.0,10800.0,10810.0,10804.0,2017-11-08,14.0,6.0,2017-11-08 12:24:00,2017-11-08 13:14:00,2017-11-08 12:46:00,2017-11-08 12:36:00,24.6,12.65,2017,11,08,TX2,2017-11-08,201711W2,204,254,-50
2017-11-01,10799.0,10777.0,10790.0,10780.0,2017-11-01,22.0,10.0,2017-11-01 13:29:00,2017-11-01 12:00:00,2017-11-01 12:40:00,2017-11-01 12:30:00,24.2,12.45,2017,11,01,TX1,2017-11-01,201711W1,269,180,89
2017-10-25,10748.0,10728.0,10748.0,10738.0,2017-10-25,20.0,10.0,2017-10-25 12:46:00,2017-10-25 13:11:00,2017-10-25 12:46:00,2017-10-25 12:36:00,23.8,11.7,2017,10,25,TX4,2017-10-25,201710W4,226,251,-25
2017-10-18,10729.0,10692.0,10710.0,10692.0,2017-10-18,37.0,18.0,2017-10-18 13:18:00,2017-10-18 12:34:00,2017-10-18 12:51:00,2017-10-18 12:34:00,25.7,13.45,2017,10,18,TXO,2017-10-18,201710,258,214,44
2017-10-11,10630.0,10604.0,10628.0,10618.0,2017-10-11,26.0,10.0,2017-10-11 13:02:00,2017-10-11 12:00:00,2017-10-11 12:40:00,2017-10-11 12:30:00,23.2,12.45,2017,10,11,TX2,2017-10-11,201710W2,242,180,62
2017-10-05,10519.0,10502.0,10516.0,10511.0,2017-10-05,17.0,5.0,2017-10-05 12:21:00,2017-10-05 13:30:00,2017-10-05 12:30:00,2017-10-05 12:51:00,23.5,12.95,2017,10,05,TX1,2017-10-05,201710W1,201,270,-69
2017-09-27,10330.0,10309.0,10325.0,10316.0,2017-09-27,21.0,9.0,2017-09-27 12:00:00,2017-09-27 12:23:00,2017-09-27 12:46:00,2017-09-27 12:33:00,25.35,13.4,2017,09,27,TX4,2017-09-27,201709W4,180,203,-23
2017-09-20,10524.0,10490.0,10510.0,10491.0,2017-09-20,34.0,19.0,2017-09-20 12:12:00,2017-09-20 12:58:00,2017-09-20 12:50:00,2017-09-20 12:54:00,22.6,12.75,2017,09,20,TXO,2017-09-20,201709,192,238,-46
2017-09-13,10550.0,10520.0,10540.0,10524.0,2017-09-13,30.0,16.0,2017-09-13 12:01:00,2017-09-13 13:30:00,2017-09-13 12:30:00,2017-09-13 12:45:00,21.25,11.2,2017,09,13,TX2,2017-09-13,201709W2,181,270,-89
2017-09-06,10530.0,10508.0,10530.0,10516.0,2017-09-06,22.0,14.0,2017-09-06 12:45:00,2017-09-06 12:04:00,2017-09-06 12:45:00,2017-09-06 12:30:00,26.6,12.5,2017,09,06,TX1,2017-09-06,201709W1,225,184,41
2017-08-30,10540.0,10516.0,10538.0,10519.0,2017-08-30,24.0,19.0,2017-08-30 12:58:00,2017-08-30 12:22:00,2017-08-30 12:54:00,2017-08-30 12:30:00,26.4,12.05,2017,08,30,TX5,2017-08-30,201708W5,238,202,36
2017-08-23,10381.0,10341.0,10380.0,10367.0,2017-08-23,40.0,13.0,2017-08-23 12:13:00,2017-08-23 13:20:00,2017-08-23 12:41:00,2017-08-23 12:49:00,28.75,12.1,2017,08,23,TX4,2017-08-23,201708W4,193,260,-67
2017-08-16,10314.0,10235.0,10279.0,10243.0,2017-08-16,79.0,36.0,2017-08-16 12:00:00,2017-08-16 12:56:00,2017-08-16 12:41:00,2017-08-16 12:50:00,28.55,12.55,2017,08,16,TXO,2017-08-16,201708,180,236,-56
2017-08-09,10463.0,10436.0,10462.0,10453.0,2017-08-09,27.0,9.0,2017-08-09 12:56:00,2017-08-09 13:09:00,2017-08-09 12:48:00,2017-08-09 12:31:00,22.15,9.55,2017,08,09,TX2,2017-08-09,201708W2,236,249,-13
2017-08-02,10469.0,10445.0,10469.0,10452.0,2017-08-02,24.0,17.0,2017-08-02 12:46:00,2017-08-02 13:01:00,2017-08-02 12:46:00,2017-08-02 12:54:00,23.55,10.0,2017,08,02,TX1,2017-08-02,201708W1,226,241,-15
2017-07-26,10352.0,10320.0,10348.0,10341.0,2017-07-26,32.0,7.0,2017-07-26 12:00:00,2017-07-26 13:06:00,2017-07-26 12:39:00,2017-07-26 12:33:00,27.45,12.7,2017,07,26,TX4,2017-07-26,201707W4,180,246,-66
2017-07-19,10525.0,10492.0,10505.0,10492.0,2017-07-19,33.0,13.0,2017-07-19 12:00:00,2017-07-19 12:29:00,2017-07-19 12:36:00,2017-07-19 12:34:00,28.45,13.85,2017,07,19,TXO,2017-07-19,201707,180,209,-29
2017-07-12,10361.0,10339.0,10361.0,10352.0,2017-07-12,22.0,9.0,2017-07-12 12:39:00,2017-07-12 13:29:00,2017-07-12 12:39:00,2017-07-12 12:33:00,30.35,15.5,2017,07,12,TX2,2017-07-12,201707W2,219,269,-50
2017-07-05,10301.0,10253.0,10275.0,10263.0,2017-07-05,48.0,12.0,2017-07-05 13:15:00,2017-07-05 12:13:00,2017-07-05 12:47:00,2017-07-05 12:31:00,29.3,15.7,2017,07,05,TX1,2017-07-05,201707W1,255,193,62
2017-06-28,10287.0,10263.0,10280.0,10266.0,2017-06-28,24.0,14.0,2017-06-28 13:22:00,2017-06-28 12:14:00,2017-06-28 12:51:00,2017-06-28 12:47:00,21.8,12.25,2017,06,28,TX4,2017-06-28,201706W4,262,194,68
2017-06-21,10371.0,10310.0,10348.0,10320.0,2017-06-21,61.0,28.0,2017-06-21 13:09:00,2017-06-21 12:00:00,2017-06-21 12:50:00,2017-06-21 12:30:00,19.95,10.55,2017,06,21,TXO,2017-06-21,201706,249,180,69
2017-06-14,10059.0,10033.0,10052.0,10033.0,2017-06-14,26.0,19.0,2017-06-14 12:13:00,2017-06-14 12:52:00,2017-06-14 12:30:00,2017-06-14 12:52:00,16.7,9.05,2017,06,14,TX2,2017-06-14,201706W2,193,232,-39
2017-06-07,10201.0,10187.0,10201.0,10188.0,2017-06-07,14.0,13.0,2017-06-07 12:39:00,2017-06-07 12:07:00,2017-06-07 12:39:00,2017-06-07 12:30:00,16.55,8.5,2017,06,07,TX1,2017-06-07,201706W1,219,187,32
2017-05-31,10048.0,10023.0,10044.0,10036.0,2017-05-31,25.0,8.0,2017-05-31 12:59:00,2017-05-31 13:28:00,2017-05-31 12:30:00,2017-05-31 12:35:00,18.2,8.2,2017,05,31,TX5,2017-05-31,201705W5,239,268,-29
2017-05-24,10028.0,10019.0,10028.0,10023.0,2017-05-24,9.0,5.0,2017-05-24 12:01:00,2017-05-24 13:04:00,2017-05-24 12:45:00,2017-05-24 12:33:00,18.95,9.0,2017,05,24,TX4,2017-05-24,201705W4,181,244,-63
2017-05-17,10000.0,9976.0,9994.0,9976.0,2017-05-17,24.0,18.0,2017-05-17 13:24:00,2017-05-17 12:30:00,2017-05-17 12:55:00,2017-05-17 12:30:00,21.8,9.85,2017,05,17,TXO,2017-05-17,201705,264,210,54
2017-05-10,9955.0,9934.0,9945.0,9936.0,2017-05-10,21.0,9.0,2017-05-10 13:29:00,2017-05-10 12:01:00,2017-05-10 12:54:00,2017-05-10 12:42:00,22.0,9.95,2017,05,10,TX2,2017-05-10,201705W2,269,181,88
2017-05-03,9949.0,9939.0,9948.0,9942.0,2017-05-03,10.0,6.0,2017-05-03 12:02:00,2017-05-03 13:01:00,2017-05-03 12:30:00,2017-05-03 12:55:00,21.7,11.05,2017,05,03,TX1,2017-05-03,201705W1,182,241,-59
2017-04-26,9858.0,9837.0,9851.0,9838.0,2017-04-26,21.0,13.0,2017-04-26 13:04:00,2017-04-26 12:24:00,2017-04-26 12:54:00,2017-04-26 12:30:00,24.25,11.15,2017,04,26,TX4,2017-04-26,201704W4,244,204,40
2017-04-19,9670.0,9632.0,9666.0,9661.0,2017-04-19,38.0,5.0,2017-04-19 12:16:00,2017-04-19 13:09:00,2017-04-19 12:52:00,2017-04-19 12:36:00,23.8,11.75,2017,04,19,TXO,2017-04-19,201704,196,249,-53
2017-04-12,9820.0,9803.0,9815.0,9803.0,2017-04-12,17.0,12.0,2017-04-12 12:18:00,2017-04-12 12:46:00,2017-04-12 12:33:00,2017-04-12 12:46:00,21.25,11.65,2017,04,12,TX2,2017-04-12,201704W2,198,226,-28
2017-04-05,9941.0,9909.0,9929.0,9918.0,2017-04-05,32.0,11.0,2017-04-05 13:30:00,2017-04-05 12:10:00,2017-04-05 12:44:00,2017-04-05 12:31:00,22.05,11.15,2017,04,05,TX1,2017-04-05,201704W1,270,190,80
2017-03-29,9867.0,9851.0,9865.0,9853.0,2017-03-29,16.0,12.0,2017-03-29 13:20:00,2017-03-29 12:07:00,2017-03-29 12:30:00,2017-03-29 12:51:00,22.3,11.1,2017,03,29,TX5,2017-03-29,201703W5,260,187,73
2017-03-22,9898.0,9877.0,9890.0,9882.0,2017-03-22,21.0,8.0,2017-03-22 13:12:00,2017-03-22 12:02:00,2017-03-22 12:34:00,2017-03-22 12:30:00,20.25,11.05,2017,03,22,TX4,2017-03-22,201703W4,252,182,70
2017-03-15,9747.0,9730.0,9747.0,9738.0,2017-03-15,17.0,9.0,2017-03-15 12:37:00,2017-03-15 13:07:00,2017-03-15 12:37:00,2017-03-15 12:30:00,20.75,11.35,2017,03,15,TXO,2017-03-15,201703,217,247,-30
2017-03-08,9765.0,9745.0,9762.0,9754.0,2017-03-08,20.0,8.0,2017-03-08 12:18:00,2017-03-08 12:00:00,2017-03-08 12:30:00,2017-03-08 12:55:00,21.8,11.0,2017,03,08,TX2,2017-03-08,201703W2,198,180,18
2017-03-01,9695.0,9680.0,9693.0,9683.0,2017-03-01,15.0,10.0,2017-03-01 12:03:00,2017-03-01 12:58:00,2017-03-01 12:31:00,2017-03-01 12:43:00,22.0,10.9,2017,03,01,TX1,2017-03-01,201703W1,183,238,-55
2017-02-22,9788.0,9767.0,9779.0,9767.0,2017-02-22,21.0,12.0,2017-02-22 12:00:00,2017-02-22 12:35:00,2017-02-22 12:47:00,2017-02-22 12:35:00,21.4,9.95,2017,02,22,TX4,2017-02-22,201702W4,180,215,-35
2017-02-15,9801.0,9778.0,9801.0,9778.0,2017-02-15,23.0,23.0,2017-02-15 12:47:00,2017-02-15 12:38:00,2017-02-15 12:47:00,2017-02-15 12:38:00,19.05,8.95,2017,02,15,TXO,2017-02-15,201702,227,218,9
2017-02-08,9526.0,9511.0,9518.0,9511.0,2017-02-08,15.0,7.0,2017-02-08 13:06:00,2017-02-08 12:41:00,2017-02-08 12:34:00,2017-02-08 12:41:00,16.8,8.3,2017,02,08,TX2,2017-02-08,201702W2,246,221,25
2017-02-02,9435.0,9406.0,9434.0,9418.0,2017-02-02,29.0,16.0,2017-02-02 12:01:00,2017-02-02 13:20:00,2017-02-02 12:30:00,2017-02-02 12:41:00,16.85,8.15,2017,02,02,TX4,2017-02-02,201701W4,181,260,-79
2017-01-18,9349.0,9332.0,9347.0,9338.0,2017-01-18,17.0,9.0,2017-01-18 12:20:00,2017-01-18 12:00:00,2017-01-18 12:51:00,2017-01-18 12:55:00,16.9,8.75,2017,01,18,TXO,2017-01-18,201701,200,180,20
2017-01-11,9356.0,9333.0,9354.0,9345.0,2017-01-11,23.0,9.0,2017-01-11 12:11:00,2017-01-11 13:14:00,2017-01-11 12:36:00,2017-01-11 12:49:00,20.1,10.35,2017,01,11,TX2,2017-01-11,201701W2,191,254,-63
2017-01-04,9286.0,9268.0,9284.0,9271.0,2017-01-04,18.0,13.0,2017-01-04 12:09:00,2017-01-04 12:57:00,2017-01-04 12:33:00,2017-01-04 12:55:00,20.35,10.1,2017,01,04,TX1,2017-01-04,201701W1,189,237,-48
2016-12-28,9210.0,9194.0,9210.0,9202.0,2016-12-28,16.0,8.0,2016-12-28 12:37:00,2016-12-28 12:01:00,2016-12-28 12:37:00,2016-12-28 12:31:00,19.35,10.7,2016,12,28,TX4,2016-12-28,201612W4,217,181,36
2016-12-21,9249.0,9227.0,9244.0,9227.0,2016-12-21,22.0,17.0,2016-12-21 12:56:00,2016-12-21 12:31:00,2016-12-21 12:55:00,2016-12-21 12:31:00,21.15,11.3,2016,12,21,TXO,2016-12-21,201612,236,211,25
2016-12-14,9382.0,9371.0,9382.0,9371.0,2016-12-14,11.0,11.0,2016-12-14 12:52:00,2016-12-14 12:37:00,2016-12-14 12:52:00,2016-12-14 12:37:00,19.65,10.55,2016,12,14,TX2,2016-12-14,201612W2,232,217,15
2016-12-07,9267.0,9248.0,9256.0,9248.0,2016-12-07,19.0,8.0,2016-12-07 13:16:00,2016-12-07 12:49:00,2016-12-07 12:34:00,2016-12-07 12:49:00,23.4,12.6,2016,12,07,TX1,2016-12-07,201612W1,256,229,27
2016-11-30,9223.0,9177.0,9208.0,9190.0,2016-11-30,46.0,18.0,2016-11-30 13:26:00,2016-11-30 12:13:00,2016-11-30 12:54:00,2016-11-30 12:31:00,30.65,18.15,2016,11,30,TX5,2016-11-30,201611W5,266,193,73
2016-11-23,9182.0,9160.0,9178.0,9160.0,2016-11-23,22.0,18.0,2016-11-23 12:00:00,2016-11-23 12:31:00,2016-11-23 12:53:00,2016-11-23 12:31:00,29.05,17.7,2016,11,23,TX4,2016-11-23,201611W4,180,211,-31
2016-11-16,9017.0,8979.0,9004.0,8994.0,2016-11-16,38.0,10.0,2016-11-16 12:00:00,2016-11-16 13:11:00,2016-11-16 12:41:00,2016-11-16 12:54:00,27.75,17.1,2016,11,16,TXO,2016-11-16,201611,180,251,-71
2016-11-09,9022.0,8891.0,9020.0,8912.0,2016-11-09,131.0,108.0,2016-11-09 12:07:00,2016-11-09 13:09:00,2016-11-09 12:30:00,2016-11-09 12:54:00,26.55,16.25,2016,11,09,TX2,2016-11-09,201611W2,187,249,-62
2016-11-02,9170.0,9152.0,9165.0,9156.0,2016-11-02,18.0,9.0,2016-11-02 12:01:00,2016-11-02 13:30:00,2016-11-02 12:39:00,2016-11-02 12:47:00,22.05,11.2,2016,11,02,TX1,2016-11-02,201611W1,181,270,-89
2016-10-26,9346.0,9327.0,9337.0,9327.0,2016-10-26,19.0,10.0,2016-10-26 12:02:00,2016-10-26 12:30:00,2016-10-26 12:36:00,2016-10-26 12:30:00,24.25,12.65,2016,10,26,TX4,2016-10-26,201610W4,182,210,-28
2016-10-19,9300.0,9275.0,9300.0,9286.0,2016-10-19,25.0,14.0,2016-10-19 12:35:00,2016-10-19 13:01:00,2016-10-19 12:35:00,2016-10-19 12:32:00,26.8,13.9,2016,10,19,TXO,2016-10-19,201610,215,241,-26
2016-10-12,9274.0,9247.0,9262.0,9251.0,2016-10-12,27.0,11.0,2016-10-12 13:25:00,2016-10-12 13:02:00,2016-10-12 12:31:00,2016-10-12 12:55:00,26.65,14.75,2016,10,12,TX2,2016-10-12,201610W2,265,242,23
2016-10-05,9258.0,9234.0,9252.0,9241.0,2016-10-05,24.0,11.0,2016-10-05 12:01:00,2016-10-05 13:30:00,2016-10-05 12:32:00,2016-10-05 12:35:00,24.35,13.95,2016,10,05,TX1,2016-10-05,201610W1,181,270,-89
2016-09-29,9286.0,9243.0,9280.0,9254.0,2016-09-29,43.0,26.0,2016-09-29 12:05:00,2016-09-29 13:26:00,2016-09-29 12:34:00,2016-09-29 12:45:00,26.85,15.05,2016,09,29,TX4,2016-09-29,201609W4,185,266,-81
2016-09-21,9224.0,9167.0,9200.0,9182.0,2016-09-21,57.0,18.0,2016-09-21 13:07:00,2016-09-21 12:00:00,2016-09-21 12:43:00,2016-09-21 12:30:00,25.7,13.0,2016,09,21,TXO,2016-09-21,201609,247,180,67
2016-09-14,8897.0,8870.0,8885.0,8870.0,2016-09-14,27.0,15.0,2016-09-14 13:26:00,2016-09-14 12:30:00,2016-09-14 12:43:00,2016-09-14 12:30:00,25.15,13.15,2016,09,14,TX2,2016-09-14,201609W2,266,210,56
2016-09-07,9262.0,9244.0,9262.0,9252.0,2016-09-07,18.0,10.0,2016-09-07 12:45:00,2016-09-07 13:16:00,2016-09-07 12:45:00,2016-09-07 12:30:00,25.75,12.95,2016,09,07,TX1,2016-09-07,201609W1,225,256,-31
2016-08-31,9030.0,8968.0,9029.0,9020.0,2016-08-31,62.0,9.0,2016-08-31 12:56:00,2016-08-31 13:17:00,2016-08-31 12:55:00,2016-08-31 12:32:00,27.55,12.35,2016,08,31,TX5,2016-08-31,201608W5,236,257,-21
2016-08-24,8981.0,8957.0,8979.0,8974.0,2016-08-24,24.0,5.0,2016-08-24 12:04:00,2016-08-24 13:25:00,2016-08-24 12:30:00,2016-08-24 12:37:00,26.0,12.8,2016,08,24,TX4,2016-08-24,201608W4,184,265,-81
2016-08-17,9123.0,9086.0,9091.0,9087.0,2016-08-17,37.0,4.0,2016-08-17 13:20:00,2016-08-17 12:16:00,2016-08-17 12:40:00,2016-08-17 12:30:00,30.05,13.85,2016,08,17,TXO,2016-08-17,201608,260,196,64
2016-08-10,9167.0,9143.0,9159.0,9153.0,2016-08-10,24.0,6.0,2016-08-10 12:17:00,2016-08-10 12:00:00,2016-08-10 12:34:00,2016-08-10 12:49:00,29.95,13.7,2016,08,10,TX2,2016-08-10,201608W2,197,180,17
2016-08-03,8955.0,8934.0,8949.0,8940.0,2016-08-03,21.0,9.0,2016-08-03 12:00:00,2016-08-03 13:08:00,2016-08-03 12:30:00,2016-08-03 12:35:00,27.35,13.65,2016,08,03,TX1,2016-08-03,201608W1,180,248,-68
2016-07-27,8993.0,8952.0,8985.0,8965.0,2016-07-27,41.0,20.0,2016-07-27 13:07:00,2016-07-27 12:22:00,2016-07-27 12:47:00,2016-07-27 12:30:00,27.4,13.25,2016,07,27,TX4,2016-07-27,201607W4,247,202,45
2016-07-20,9014.0,8980.0,9010.0,8990.0,2016-07-20,34.0,20.0,2016-07-20 12:58:00,2016-07-20 12:17:00,2016-07-20 12:55:00,2016-07-20 12:34:00,24.4,13.3,2016,07,20,TXO,2016-07-20,201607,238,197,41
2016-07-13,8800.0,8778.0,8798.0,8778.0,2016-07-13,22.0,20.0,2016-07-13 13:12:00,2016-07-13 12:36:00,2016-07-13 12:47:00,2016-07-13 12:36:00,23.0,13.55,2016,07,13,TX2,2016-07-13,201607W2,252,216,36
2016-07-06,8472.0,8445.0,8458.0,8445.0,2016-07-06,27.0,13.0,2016-07-06 13:16:00,2016-07-06 12:51:00,2016-07-06 12:30:00,2016-07-06 12:51:00,25.3,14.95,2016,07,06,TX1,2016-07-06,201607W1,256,231,25
2016-06-29,8463.0,8439.0,8463.0,8451.0,2016-06-29,24.0,12.0,2016-06-29 12:52:00,2016-06-29 13:29:00,2016-06-29 12:52:00,2016-06-29 12:32:00,24.4,14.85,2016,06,29,TX5,2016-06-29,201606W5,232,269,-37
2016-06-22,8519.0,8503.0,8519.0,8512.0,2016-06-22,16.0,7.0,2016-06-22 12:42:00,2016-06-22 13:21:00,2016-06-22 12:42:00,2016-06-22 12:30:00,25.8,14.65,2016,06,22,TX4,2016-06-22,201606W4,222,261,-39
2016-06-15,8607.0,8590.0,8602.0,8590.0,2016-06-15,17.0,12.0,2016-06-15 12:05:00,2016-06-15 12:49:00,2016-06-15 12:41:00,2016-06-15 12:49:00,26.35,13.6,2016,06,15,TXO,2016-06-15,201606,185,229,-44
2016-06-08,8717.0,8688.0,8713.0,8688.0,2016-06-08,29.0,25.0,2016-06-08 12:22:00,2016-06-08 12:51:00,2016-06-08 12:30:00,2016-06-08 12:51:00,26.65,14.1,2016,06,08,TX2,2016-06-08,201606W2,202,231,-29
2016-06-01,8590.0,8567.0,8589.0,8579.0,2016-06-01,23.0,10.0,2016-06-01 12:00:00,2016-06-01 13:06:00,2016-06-01 12:48:00,2016-06-01 12:37:00,29.75,15.25,2016,06,01,TX1,2016-06-01,201606W1,180,246,-66
2016-05-25,8406.0,8376.0,8395.0,8383.0,2016-05-25,30.0,12.0,2016-05-25 12:01:00,2016-05-25 13:12:00,2016-05-25 12:48:00,2016-05-25 12:31:00,30.2,15.8,2016,05,25,TX4,2016-05-25,201605W4,181,252,-71
2016-05-18,8153.0,8123.0,8139.0,8127.0,2016-05-18,30.0,12.0,2016-05-18 13:12:00,2016-05-18 12:07:00,2016-05-18 12:54:00,2016-05-18 12:31:00,31.25,17.2,2016,05,18,TXO,2016-05-18,201605,252,187,65
2016-05-11,8132.0,8115.0,8127.0,8119.0,2016-05-11,17.0,8.0,2016-05-11 12:17:00,2016-05-11 12:01:00,2016-05-11 12:34:00,2016-05-11 12:37:00,30.95,16.85,2016,05,11,TX2,2016-05-11,201605W2,197,181,16
2016-05-04,8175.0,8105.0,8160.0,8129.0,2016-05-04,70.0,31.0,2016-05-04 12:09:00,2016-05-04 13:07:00,2016-05-04 12:30:00,2016-05-04 12:46:00,29.95,16.45,2016,05,04,TX1,2016-05-04,201605W1,189,247,-58
2016-04-27,8575.0,8552.0,8568.0,8559.0,2016-04-27,23.0,9.0,2016-04-27 12:04:00,2016-04-27 13:07:00,2016-04-27 12:30:00,2016-04-27 12:54:00,29.9,15.55,2016,04,27,TX4,2016-04-27,201604W4,184,247,-63
2016-04-20,8534.0,8498.0,8531.0,8510.0,2016-04-20,36.0,21.0,2016-04-20 13:01:00,2016-04-20 12:21:00,2016-04-20 12:45:00,2016-04-20 12:31:00,31.9,16.75,2016,04,20,TXO,2016-04-20,201604,241,201,40
2016-04-13,8644.0,8616.0,8631.0,8616.0,2016-04-13,28.0,15.0,2016-04-13 13:04:00,2016-04-13 12:31:00,2016-04-13 12:52:00,2016-04-13 12:31:00,35.4,18.25,2016,04,13,TX2,2016-04-13,201604W2,244,211,33
2016-04-06,8497.0,8471.0,8485.0,8471.0,2016-04-06,26.0,14.0,2016-04-06 12:22:00,2016-04-06 12:48:00,2016-04-06 12:30:00,2016-04-06 12:48:00,35.2,18.2,2016,04,06,TX1,2016-04-06,201604W1,202,228,-26
2016-03-30,8747.0,8715.0,8744.0,8730.0,2016-03-30,32.0,14.0,2016-03-30 12:26:00,2016-03-30 13:29:00,2016-03-30 12:55:00,2016-03-30 12:39:00,34.1,17.3,2016,03,30,TX5,2016-03-30,201603W5,206,269,-63
2016-03-23,8735.0,8707.0,8733.0,8718.0,2016-03-23,28.0,15.0,2016-03-23 12:19:00,2016-03-23 13:16:00,2016-03-23 12:49:00,2016-03-23 12:41:00,34.35,17.05,2016,03,23,TX4,2016-03-23,201603W4,199,256,-57
2016-03-16,8705.0,8664.0,8705.0,8677.0,2016-03-16,41.0,28.0,2016-03-16 12:54:00,2016-03-16 12:00:00,2016-03-16 12:54:00,2016-03-16 12:31:00,29.55,14.45,2016,03,16,TXO,2016-03-16,201603,234,180,54
2016-03-09,8617.0,8579.0,8597.0,8583.0,2016-03-09,38.0,14.0,2016-03-09 13:28:00,2016-03-09 12:09:00,2016-03-09 12:41:00,2016-03-09 12:30:00,31.7,14.3,2016,03,09,TX2,2016-03-09,201603W2,268,189,79
2016-03-02,8532.0,8510.0,8525.0,8517.0,2016-03-02,22.0,8.0,2016-03-02 12:12:00,2016-03-02 13:03:00,2016-03-02 12:32:00,2016-03-02 12:38:00,32.5,16.3,2016,03,02,TX1,2016-03-02,201603W1,192,243,-51
2016-02-24,8247.0,8216.0,8237.0,8226.0,2016-02-24,31.0,11.0,2016-02-24 13:16:00,2016-02-24 12:08:00,2016-02-24 12:30:00,2016-02-24 12:39:00,39.05,18.25,2016,02,24,TX4,2016-02-24,201602W4,256,188,68
2016-02-17,8218.0,8195.0,8218.0,8204.0,2016-02-17,23.0,14.0,2016-02-17 12:51:00,2016-02-17 12:27:00,2016-02-17 12:51:00,2016-02-17 12:40:00,48.05,21.65,2016,02,17,TXO,2016-02-17,201602,231,207,24
2016-02-15,8068.0,8030.0,8046.0,8030.0,2016-02-15,38.0,16.0,2016-02-15 13:24:00,2016-02-15 12:34:00,2016-02-15 12:31:00,2016-02-15 12:34:00,49.9,22.35,2016,02,15,TX2,2016-02-15,201602W2,264,214,50
2016-02-03,8085.0,8024.0,8072.0,8057.0,2016-02-03,61.0,15.0,2016-02-03 12:10:00,2016-02-03 13:27:00,2016-02-03 12:34:00,2016-02-03 12:50:00,51.8,23.5,2016,02,03,TX1,2016-02-03,201602W1,190,267,-77
2016-01-27,7826.0,7778.0,7810.0,7788.0,2016-01-27,48.0,22.0,2016-01-27 13:26:00,2016-01-27 12:02:00,2016-01-27 12:55:00,2016-01-27 12:31:00,53.2,23.4,2016,01,27,TX4,2016-01-27,201601W4,266,182,84
2016-01-20,7716.0,7673.0,7716.0,7688.0,2016-01-20,43.0,28.0,2016-01-20 12:53:00,2016-01-20 12:26:00,2016-01-20 12:53:00,2016-01-20 12:30:00,47.9,21.2,2016,01,20,TXO,2016-01-20,201601,233,206,27
2016-01-13,7794.0,7744.0,7777.0,7757.0,2016-01-13,50.0,20.0,2016-01-13 13:21:00,2016-01-13 12:06:00,2016-01-13 12:43:00,2016-01-13 12:32:00,43.55,20.05,2016,01,13,TX2,2016-01-13,201601W2,261,186,75
2016-01-06,7997.0,7927.0,7997.0,7961.0,2016-01-06,70.0,36.0,2016-01-06 12:45:00,2016-01-06 12:11:00,2016-01-06 12:45:00,2016-01-06 12:55:00,42.9,20.85,2016,01,06,TX1,2016-01-06,201601W1,225,191,34
2015-12-30,8261.0,8232.0,8244.0,8232.0,2015-12-30,29.0,12.0,2015-12-30 13:16:00,2015-12-30 12:52:00,2015-12-30 12:34:00,2015-12-30 12:52:00,37.7,18.9,2015,12,30,TX5,2015-12-30,201512W5,256,232,24
2015-12-23,8323.0,8282.0,8319.0,8309.0,2015-12-23,41.0,10.0,2015-12-23 12:07:00,2015-12-23 13:22:00,2015-12-23 12:35:00,2015-12-23 12:55:00,42.0,19.3,2015,12,23,TX4,2015-12-23,201512W4,187,262,-75
2015-12-16,8209.0,8182.0,8209.0,8190.0,2015-12-16,27.0,19.0,2015-12-16 12:50:00,2015-12-16 12:04:00,2015-12-16 12:50:00,2015-12-16 12:32:00,41.1,20.4,2015,12,16,TXO,2015-12-16,201512,230,184,46
2015-12-09,8264.0,8223.0,8263.0,8237.0,2015-12-09,41.0,26.0,2015-12-09 12:04:00,2015-12-09 13:25:00,2015-12-09 12:37:00,2015-12-09 12:54:00,38.25,19.25,2015,12,09,TX2,2015-12-09,201512W2,184,265,-81
2015-12-02,8459.0,8440.0,8459.0,8446.0,2015-12-02,19.0,13.0,2015-12-02 12:34:00,2015-12-02 12:00:00,2015-12-02 12:34:00,2015-12-02 12:30:00,40.65,20.45,2015,12,02,TX1,2015-12-02,201512W1,214,180,34
2015-11-25,8375.0,8341.0,8366.0,8349.0,2015-11-25,34.0,17.0,2015-11-25 13:27:00,2015-11-25 12:09:00,2015-11-25 12:35:00,2015-11-25 12:50:00,36.5,20.7,2015,11,25,TX4,2015-11-25,201511W4,267,189,78
2015-11-18,8384.0,8326.0,8380.0,8336.0,2015-11-18,58.0,44.0,2015-11-18 12:01:00,2015-11-18 13:10:00,2015-11-18 12:39:00,2015-11-18 12:53:00,32.05,18.1,2015,11,18,TXO,2015-11-18,201511,181,250,-69
2015-11-11,8442.0,8407.0,8437.0,8407.0,2015-11-11,35.0,30.0,2015-11-11 13:00:00,2015-11-11 12:45:00,2015-11-11 12:30:00,2015-11-11 12:45:00,28.0,14.9,2015,11,11,TX2,2015-11-11,201511W2,240,225,15
2015-11-04,8894.0,8870.0,8894.0,8883.0,2015-11-04,24.0,11.0,2015-11-04 12:34:00,2015-11-04 12:08:00,2015-11-04 12:34:00,2015-11-04 12:52:00,27.1,15.45,2015,11,04,TX1,2015-11-04,201511W1,214,188,26
2015-10-28,8650.0,8622.0,8636.0,8627.0,2015-10-28,28.0,9.0,2015-10-28 13:26:00,2015-10-28 12:05:00,2015-10-28 12:35:00,2015-10-28 12:54:00,29.85,17.9,2015,10,28,TX4,2015-10-28,201510W4,266,185,81
2015-10-21,8629.0,8610.0,8629.0,8614.0,2015-10-21,19.0,15.0,2015-10-21 12:31:00,2015-10-21 13:01:00,2015-10-21 12:31:00,2015-10-21 12:48:00,34.5,20.5,2015,10,21,TXO,2015-10-21,201510,211,241,-30
2015-10-14,8548.0,8522.0,8548.0,8531.0,2015-10-14,26.0,17.0,2015-10-14 12:34:00,2015-10-14 13:02:00,2015-10-14 12:34:00,2015-10-14 12:51:00,38.8,21.0,2015,10,14,TX2,2015-10-14,201510W2,214,242,-28
2015-10-07,8496.0,8439.0,8496.0,8458.0,2015-10-07,57.0,38.0,2015-10-07 12:46:00,2015-10-07 12:00:00,2015-10-07 12:46:00,2015-10-07 12:31:00,38.45,21.3,2015,10,07,TX1,2015-10-07,201510W1,226,180,46
2015-09-30,8178.0,8122.0,8159.0,8122.0,2015-09-30,56.0,37.0,2015-09-30 13:26:00,2015-09-30 12:46:00,2015-09-30 12:36:00,2015-09-30 12:46:00,40.75,21.45,2015,09,30,TX5,2015-09-30,201509W5,266,226,40
2015-09-23,8166.0,8135.0,8160.0,8142.0,2015-09-23,31.0,18.0,2015-09-23 13:06:00,2015-09-23 12:00:00,2015-09-23 12:49:00,2015-09-23 12:33:00,44.55,20.3,2015,09,23,TX4,2015-09-23,201509W4,246,180,66
2015-09-16,8351.0,8314.0,8345.0,8329.0,2015-09-16,37.0,16.0,2015-09-16 12:18:00,2015-09-16 13:05:00,2015-09-16 12:32:00,2015-09-16 12:53:00,57.0,29.4,2015,09,16,TXO,2015-09-16,201509,198,245,-47
2015-09-09,8315.0,8276.0,8315.0,8276.0,2015-09-09,39.0,39.0,2015-09-09 12:51:00,2015-09-09 12:32:00,2015-09-09 12:51:00,2015-09-09 12:32:00,55.15,30.0,2015,09,09,TX2,2015-09-09,201509W2,231,212,19
2015-09-02,7985.0,7921.0,7975.0,7938.0,2015-09-02,64.0,37.0,2015-09-02 12:00:00,2015-09-02 12:22:00,2015-09-02 12:46:00,2015-09-02 12:34:00,58.95,28.75,2015,09,02,TX1,2015-09-02,201509W1,180,202,-22
2015-08-26,7678.0,7610.0,7667.0,7622.0,2015-08-26,68.0,45.0,2015-08-26 13:21:00,2015-08-26 12:22:00,2015-08-26 12:50:00,2015-08-26 12:42:00,50.15,27.45,2015,08,26,TX4,2015-08-26,201508W4,261,202,59
2015-08-19,8038.0,7993.0,8032.0,8016.0,2015-08-19,45.0,16.0,2015-08-19 12:56:00,2015-08-19 13:09:00,2015-08-19 12:33:00,2015-08-19 12:43:00,44.4,22.2,2015,08,19,TXO,2015-08-19,201508,236,249,-13
2015-08-12,8305.0,8243.0,8274.0,8255.0,2015-08-12,62.0,19.0,2015-08-12 13:17:00,2015-08-12 12:22:00,2015-08-12 12:55:00,2015-08-12 12:30:00,44.15,21.85,2015,08,12,TX2,2015-08-12,201508W2,257,202,55
2015-08-05,8543.0,8515.0,8533.0,8517.0,2015-08-05,28.0,16.0,2015-08-05 13:20:00,2015-08-05 12:24:00,2015-08-05 12:53:00,2015-08-05 12:38:00,42.55,22.1,2015,08,05,TX1,2015-08-05,201508W1,260,204,56
2015-07-29,8535.0,8486.0,8535.0,8505.0,2015-07-29,49.0,30.0,2015-07-29 12:40:00,2015-07-29 12:03:00,2015-07-29 12:40:00,2015-07-29 12:31:00,41.85,21.05,2015,07,29,TX5,2015-07-29,201507W5,220,183,37
2015-07-22,8823.0,8800.0,8822.0,8808.0,2015-07-22,23.0,14.0,2015-07-22 13:00:00,2015-07-22 13:08:00,2015-07-22 12:31:00,2015-07-22 12:47:00,33.8,17.25,2015,07,22,TX4,2015-07-22,201507W4,240,248,-8
2015-07-15,9051.0,9001.0,9037.0,9001.0,2015-07-15,50.0,36.0,2015-07-15 13:06:00,2015-07-15 12:55:00,2015-07-15 12:30:00,2015-07-15 12:55:00,33.2,16.45,2015,07,15,TXO,2015-07-15,201507,246,235,11
2015-07-08,8970.0,8912.0,8955.0,8931.0,2015-07-08,58.0,24.0,2015-07-08 13:02:00,2015-07-08 12:00:00,2015-07-08 12:30:00,2015-07-08 12:40:00,29.8,15.7,2015,07,08,TX2,2015-07-08,201507W2,242,180,62
2015-07-01,9319.0,9283.0,9317.0,9302.0,2015-07-01,36.0,15.0,2015-07-01 12:19:00,2015-07-01 13:19:00,2015-07-01 12:46:00,2015-07-01 12:54:00,32.65,16.5,2015,07,01,TX1,2015-07-01,201507W1,199,259,-60
2015-06-24,9235.0,9215.0,9233.0,9219.0,2015-06-24,20.0,14.0,2015-06-24 13:29:00,2015-06-24 12:21:00,2015-06-24 12:46:00,2015-06-24 12:30:00,32.15,15.95,2015,06,24,TX4,2015-06-24,201506W4,269,201,68
2015-06-17,9230.0,9177.0,9221.0,9202.0,2015-06-17,53.0,19.0,2015-06-17 12:08:00,2015-06-17 13:11:00,2015-06-17 12:46:00,2015-06-17 12:55:00,32.1,15.7,2015,06,17,TXO,2015-06-17,201506,188,251,-63
2015-06-10,9312.0,9282.0,9304.0,9288.0,2015-06-10,30.0,16.0,2015-06-10 12:00:00,2015-06-10 13:21:00,2015-06-10 12:44:00,2015-06-10 12:36:00,31.05,15.5,2015,06,10,TX2,2015-06-10,201506W2,180,261,-81
2015-06-03,9562.0,9535.0,9562.0,9545.0,2015-06-03,27.0,17.0,2015-06-03 12:00:00,2015-06-03 13:03:00,2015-06-03 12:30:00,2015-06-03 12:53:00,23.4,12.8,2015,06,03,TX1,2015-06-03,201506W1,180,243,-63
2015-05-27,9698.0,9672.0,9698.0,9687.0,2015-05-27,26.0,11.0,2015-05-27 12:16:00,2015-05-27 13:22:00,2015-05-27 12:30:00,2015-05-27 12:38:00,24.2,13.9,2015,05,27,TX4,2015-05-27,201505W4,196,262,-66
2015-05-20,9704.0,9657.0,9698.0,9684.0,2015-05-20,47.0,14.0,2015-05-20 12:00:00,2015-05-20 13:01:00,2015-05-20 12:43:00,2015-05-20 12:46:00,27.5,16.5,2015,05,20,TXO,2015-05-20,201505,180,241,-61
2015-05-13,9751.0,9735.0,9749.0,9741.0,2015-05-13,16.0,8.0,2015-05-13 12:24:00,2015-05-13 12:11:00,2015-05-13 12:33:00,2015-05-13 12:46:00,28.1,15.05,2015,05,13,TX2,2015-05-13,201505W2,204,191,13
2015-05-06,9857.0,9841.0,9852.0,9841.0,2015-05-06,16.0,11.0,2015-05-06 13:18:00,2015-05-06 12:43:00,2015-05-06 12:30:00,2015-05-06 12:43:00,28.9,14.65,2015,05,06,TX1,2015-05-06,201505W1,258,223,35
2015-04-29,9932.0,9895.0,9923.0,9909.0,2015-04-29,37.0,14.0,2015-04-29 12:02:00,2015-04-29 13:30:00,2015-04-29 12:45:00,2015-04-29 12:54:00,29.1,13.95,2015,04,29,TX5,2015-04-29,201504W5,182,270,-88
2015-04-22,9636.0,9612.0,9636.0,9621.0,2015-04-22,24.0,15.0,2015-04-22 12:54:00,2015-04-22 12:00:00,2015-04-22 12:54:00,2015-04-22 12:30:00,25.1,11.6,2015,04,22,TX4,2015-04-22,201504W4,234,180,54
2015-04-15,9574.0,9507.0,9568.0,9559.0,2015-04-15,67.0,9.0,2015-04-15 12:23:00,2015-04-15 13:08:00,2015-04-15 12:30:00,2015-04-15 12:53:00,24.55,10.65,2015,04,15,TXO,2015-04-15,201504,203,248,-45
2015-04-08,9582.0,9558.0,9573.0,9568.0,2015-04-08,24.0,5.0,2015-04-08 13:10:00,2015-04-08 12:12:00,2015-04-08 12:38:00,2015-04-08 12:34:00,21.95,10.65,2015,04,08,TX2,2015-04-08,201504W2,250,192,58
2015-04-01,9524.0,9492.0,9524.0,9502.0,2015-04-01,32.0,22.0,2015-04-01 12:45:00,2015-04-01 12:15:00,2015-04-01 12:45:00,2015-04-01 12:30:00,20.9,10.55,2015,04,01,TX1,2015-04-01,201504W1,225,195,30
2015-03-25,9691.0,9673.0,9682.0,9673.0,2015-03-25,18.0,9.0,2015-03-25 13:16:00,2015-03-25 12:40:00,2015-03-25 12:47:00,2015-03-25 12:40:00,19.05,9.35,2015,03,25,TX4,2015-03-25,201503W4,256,220,36
2015-03-18,9649.0,9627.0,9643.0,9636.0,2015-03-18,22.0,7.0,2015-03-18 12:11:00,2015-03-18 13:01:00,2015-03-18 12:35:00,2015-03-18 12:42:00,19.15,10.2,2015,03,18,TXO,2015-03-18,201503,191,241,-50
2015-03-11,9544.0,9523.0,9544.0,9531.0,2015-03-11,21.0,13.0,2015-03-11 12:48:00,2015-03-11 12:00:00,2015-03-11 12:48:00,2015-03-11 12:39:00,19.3,10.1,2015,03,11,TX2,2015-03-11,201503W2,228,180,48
2015-03-04,9630.0,9614.0,9627.0,9621.0,2015-03-04,16.0,6.0,2015-03-04 12:00:00,2015-03-04 13:23:00,2015-03-04 12:39:00,2015-03-04 12:30:00,21.8,11.0,2015,03,04,TX1,2015-03-04,201503W1,180,263,-83
2015-02-25,9695.0,9679.0,9689.0,9679.0,2015-02-25,16.0,10.0,2015-02-25 13:29:00,2015-02-25 12:45:00,2015-02-25 12:37:00,2015-02-25 12:45:00,21.5,10.8,2015,02,25,TX4,2015-02-25,201502W4,269,225,44
2015-02-24,9639.0,9617.0,9635.0,9620.0,2015-02-24,22.0,15.0,2015-02-24 12:00:00,2015-02-24 13:15:00,2015-02-24 12:30:00,2015-02-24 12:41:00,21.95,11.15,2015,02,24,TXO,2015-02-24,201502,180,255,-75
2015-02-11,9504.0,9482.0,9495.0,9488.0,2015-02-11,22.0,7.0,2015-02-11 12:02:00,2015-02-11 13:21:00,2015-02-11 12:30:00,2015-02-11 12:35:00,24.2,13.15,2015,02,11,TX2,2015-02-11,201502W2,182,261,-79
2015-02-04,9538.0,9526.0,9538.0,9533.0,2015-02-04,12.0,5.0,2015-02-04 12:44:00,2015-02-04 13:27:00,2015-02-04 12:44:00,2015-02-04 12:54:00,25.05,14.2,2015,02,04,TX1,2015-02-04,201502W1,224,267,-43
2015-01-28,9534.0,9513.0,9529.0,9516.0,2015-01-28,21.0,13.0,2015-01-28 12:00:00,2015-01-28 12:57:00,2015-01-28 12:39:00,2015-01-28 12:49:00,27.6,15.2,2015,01,28,TX4,2015-01-28,201501W4,180,237,-57
2015-01-21,9316.0,9294.0,9305.0,9298.0,2015-01-21,22.0,7.0,2015-01-21 13:01:00,2015-01-21 12:58:00,2015-01-21 12:36:00,2015-01-21 12:43:00,26.7,15.5,2015,01,21,TXO,2015-01-21,201501,241,238,3
2015-01-14,9188.0,9170.0,9183.0,9172.0,2015-01-14,18.0,11.0,2015-01-14 13:03:00,2015-01-14 12:12:00,2015-01-14 12:46:00,2015-01-14 12:30:00,29.6,14.6,2015,01,14,TX2,2015-01-14,201501W2,243,192,51
2015-01-07,9092.0,9065.0,9092.0,9074.0,2015-01-07,27.0,18.0,2015-01-07 12:35:00,2015-01-07 13:26:00,2015-01-07 12:35:00,2015-01-07 12:51:00,32.35,15.95,2015,01,07,TX1,2015-01-07,201501W1,215,266,-51
