_id,highestPrice,lowestPrice,highest_in_9_to_10,lowest_in_9_to_10,成交日期,high_low_diff,highestPriceTime,lowestPriceTime,highest_in_9_to_10_time,lowest_in_9_to_10_time,20天平均,年,月,日,種類,結算日,到期月份(週別),highestPriceTime_cal,lowestPriceTime_cal,時間差
2024-08-07,21335.0,20580.0,21182.0,20580.0,2024-08-07,755.0,2024-08-07 12:32:00,2024-08-07 09:08:00,2024-08-07 09:58:00,2024-08-07 09:08:00,441.0,2024,08,07,TX1,2024-08-07,202408W1,212,8,204
2024-07-31,22348.0,22013.0,22199.0,22013.0,2024-07-31,335.0,2024-07-31 10:41:00,2024-07-31 09:41:00,2024-07-31 09:16:00,2024-07-31 09:41:00,316.85,2024,07,31,TX5,2024-07-31,202407W5,101,41,60
2024-07-26,22156.0,21918.0,22148.0,21918.0,2024-07-26,238.0,2024-07-26 10:20:00,2024-07-26 09:01:00,2024-07-26 09:15:00,2024-07-26 09:01:00,294.7,2024,07,26,TX4,2024-07-26,202407W4,80,1,79
2024-07-17,23990.0,23647.0,23979.0,23750.0,2024-07-17,343.0,2024-07-17 10:55:00,2024-07-17 12:56:00,2024-07-17 09:41:00,2024-07-17 09:13:00,275.5,2024,07,17,TXO,2024-07-17,202407,115,236,-121
2024-07-10,24003.0,23702.0,23855.0,23714.0,2024-07-10,301.0,2024-07-10 13:05:00,2024-07-10 10:00:00,2024-07-10 09:40:00,2024-07-10 09:59:00,260.05,2024,07,10,TX2,2024-07-10,202407W2,245,60,185
2024-07-03,23155.0,22981.0,23093.0,22981.0,2024-07-03,174.0,2024-07-03 12:38:00,2024-07-03 09:27:00,2024-07-03 09:03:00,2024-07-03 09:27:00,232.3,2024,07,03,TX1,2024-07-03,202407W1,218,27,191
2024-06-26,23005.0,22744.0,22983.0,22810.0,2024-06-26,261.0,2024-06-26 10:53:00,2024-06-26 11:36:00,2024-06-26 09:58:00,2024-06-26 09:00:00,232.5,2024,06,26,TX4,2024-06-26,202406W4,113,156,-43
2024-06-19,23291.0,22955.0,23090.0,22955.0,2024-06-19,336.0,2024-06-19 11:13:00,2024-06-19 09:01:00,2024-06-19 09:46:00,2024-06-19 09:01:00,215.65,2024,06,19,TXO,2024-06-19,202406,133,1,132
2024-06-12,22063.0,21810.0,21953.0,21810.0,2024-06-12,253.0,2024-06-12 13:29:00,2024-06-12 09:00:00,2024-06-12 09:52:00,2024-06-12 09:00:00,211.3,2024,06,12,TX2,2024-06-12,202406W2,269,0,269
2024-06-05,21493.0,21226.0,21414.0,21226.0,2024-06-05,267.0,2024-06-05 10:21:00,2024-06-05 09:21:00,2024-06-05 09:01:00,2024-06-05 09:21:00,206.85,2024,06,05,TX1,2024-06-05,202406W1,81,21,60
2024-05-29,21907.0,21731.0,21907.0,21777.0,2024-05-29,176.0,2024-05-29 09:03:00,2024-05-29 13:30:00,2024-05-29 09:03:00,2024-05-29 09:44:00,188.35,2024,05,29,TX5,2024-05-29,202405W5,3,270,-267
2024-05-22,21613.0,21341.0,21456.0,21341.0,2024-05-22,272.0,2024-05-22 12:41:00,2024-05-22 09:00:00,2024-05-22 09:52:00,2024-05-22 09:00:00,187.9,2024,05,22,TX4,2024-05-22,202405W4,221,0,221
2024-05-15,21361.0,21132.0,21282.0,21136.0,2024-05-15,229.0,2024-05-15 10:26:00,2024-05-15 13:03:00,2024-05-15 09:57:00,2024-05-15 09:01:00,221.35,2024,05,15,TXO,2024-05-15,202405,86,243,-157
2024-05-08,20736.0,20574.0,20666.0,20574.0,2024-05-08,162.0,2024-05-08 12:14:00,2024-05-08 09:26:00,2024-05-08 09:44:00,2024-05-08 09:26:00,226.8,2024,05,08,TX2,2024-05-08,202405W2,194,26,168
2024-05-02,20380.0,20255.0,20380.0,20285.0,2024-05-02,125.0,2024-05-02 09:25:00,2024-05-02 10:21:00,2024-05-02 09:25:00,2024-05-02 09:33:00,225.2,2024,05,02,TX1,2024-05-02,202405W1,25,81,-56
2024-04-24,20202.0,19933.0,20149.0,19933.0,2024-04-24,269.0,2024-04-24 13:04:00,2024-04-24 09:00:00,2024-04-24 09:58:00,2024-04-24 09:00:00,234.8,2024,04,24,TX4,2024-04-24,202404W4,244,0,244
2024-04-17,20289.0,19988.0,20070.0,19988.0,2024-04-17,301.0,2024-04-17 13:03:00,2024-04-17 09:01:00,2024-04-17 09:06:00,2024-04-17 09:01:00,195.55,2024,04,17,TXO,2024-04-17,202404,243,1,242
2024-04-10,20892.0,20804.0,20863.0,20804.0,2024-04-10,88.0,2024-04-10 10:55:00,2024-04-10 09:16:00,2024-04-10 09:09:00,2024-04-10 09:16:00,181.45,2024,04,10,TX2,2024-04-10,202404W2,115,16,99
2024-04-03,20419.0,20275.0,20415.0,20289.0,2024-04-03,144.0,2024-04-03 12:02:00,2024-04-03 10:02:00,2024-04-03 09:10:00,2024-04-03 09:58:00,187.45,2024,04,03,TX1,2024-04-03,202404W1,182,62,120
2024-03-27,20288.0,20148.0,20226.0,20148.0,2024-03-27,140.0,2024-03-27 12:53:00,2024-03-27 09:06:00,2024-03-27 09:27:00,2024-03-27 09:06:00,195.5,2024,03,27,TX4,2024-03-27,202403W4,233,6,227
2024-03-20,19956.0,19731.0,19956.0,19826.0,2024-03-20,225.0,2024-03-20 09:23:00,2024-03-20 13:16:00,2024-03-20 09:23:00,2024-03-20 09:58:00,177.85,2024,03,20,TXO,2024-03-20,202403,23,256,-233
2024-03-13,20064.0,19886.0,20064.0,19935.0,2024-03-13,178.0,2024-03-13 09:06:00,2024-03-13 12:33:00,2024-03-13 09:06:00,2024-03-13 09:35:00,162.7,2024,03,13,TX2,2024-03-13,202403W2,6,213,-207
2024-03-06,19523.0,19271.0,19413.0,19271.0,2024-03-06,252.0,2024-03-06 12:24:00,2024-03-06 09:01:00,2024-03-06 09:59:00,2024-03-06 09:01:00,130.4,2024,03,06,TX1,2024-03-06,202403W1,204,1,203
2024-02-29,18997.0,18815.0,18885.0,18815.0,2024-02-29,182.0,2024-02-29 13:11:00,2024-02-29 09:01:00,2024-02-29 09:34:00,2024-02-29 09:01:00,110.3,2024,02,29,TX4,2024-02-29,202402W4,251,1,250
2024-02-21,18728.0,18659.0,18720.0,18662.0,2024-02-21,69.0,2024-02-21 11:14:00,2024-02-21 12:59:00,2024-02-21 09:02:00,2024-02-21 09:37:00,103.2,2024,02,21,TXO,2024-02-21,202402,134,239,-105
2024-02-15,18696.0,18556.0,18652.0,18556.0,2024-02-15,140.0,2024-02-15 11:30:00,2024-02-15 09:10:00,2024-02-15 09:03:00,2024-02-15 09:10:00,106.9,2024,02,15,TX1,2024-02-15,202402W1,150,10,140
2024-01-31,18003.0,17904.0,18003.0,17925.0,2024-01-31,99.0,2024-01-31 09:09:00,2024-01-31 12:39:00,2024-01-31 09:09:00,2024-01-31 09:56:00,111.95,2024,01,31,TX5,2024-01-31,202401W5,9,219,-210
2024-01-24,17941.0,17876.0,17936.0,17876.0,2024-01-24,65.0,2024-01-24 11:20:00,2024-01-24 09:06:00,2024-01-24 09:55:00,2024-01-24 09:06:00,116.95,2024,01,24,TX4,2024-01-24,202401W4,140,6,134
2024-01-17,17344.0,17159.0,17344.0,17267.0,2024-01-17,185.0,2024-01-17 09:36:00,2024-01-17 13:02:00,2024-01-17 09:36:00,2024-01-17 09:14:00,109.6,2024,01,17,TXO,2024-01-17,202401,36,242,-206
2024-01-10,17513.0,17439.0,17505.0,17439.0,2024-01-10,74.0,2024-01-10 10:25:00,2024-01-10 09:06:00,2024-01-10 09:22:00,2024-01-10 09:06:00,99.75,2024,01,10,TX2,2024-01-10,202401W2,85,6,79
2024-01-03,17642.0,17507.0,17642.0,17575.0,2024-01-03,135.0,2024-01-03 09:02:00,2024-01-03 11:28:00,2024-01-03 09:02:00,2024-01-03 09:42:00,95.7,2024,01,03,TX1,2024-01-03,202401W1,2,148,-146
2023-12-27,17869.0,17745.0,17821.0,17745.0,2023-12-27,124.0,2023-12-27 13:19:00,2023-12-27 09:01:00,2023-12-27 09:31:00,2023-12-27 09:01:00,94.85,2023,12,27,TX4,2023-12-27,202312W4,259,1,258
2023-12-20,17655.0,17596.0,17655.0,17596.0,2023-12-20,59.0,2023-12-20 09:58:00,2023-12-20 09:36:00,2023-12-20 09:58:00,2023-12-20 09:36:00,110.45,2023,12,20,TXO,2023-12-20,202312,58,36,22
2023-12-13,17519.0,17426.0,17519.0,17463.0,2023-12-13,93.0,2023-12-13 09:30:00,2023-12-13 12:30:00,2023-12-13 09:30:00,2023-12-13 09:00:00,112.25,2023,12,13,TX2,2023-12-13,202312W2,30,210,-180
2023-12-06,17453.0,17346.0,17435.0,17346.0,2023-12-06,107.0,2023-12-06 10:10:00,2023-12-06 09:02:00,2023-12-06 09:52:00,2023-12-06 09:02:00,111.45,2023,12,06,TX1,2023-12-06,202312W1,70,2,68
2023-11-29,17450.0,17314.0,17450.0,17372.0,2023-11-29,136.0,2023-11-29 09:28:00,2023-11-29 13:28:00,2023-11-29 09:28:00,2023-11-29 09:00:00,111.55,2023,11,29,TX5,2023-11-29,202311W5,28,268,-240
2023-11-22,17334.0,17256.0,17334.0,17285.0,2023-11-22,78.0,2023-11-22 09:47:00,2023-11-22 12:05:00,2023-11-22 09:47:00,2023-11-22 09:01:00,109.3,2023,11,22,TX4,2023-11-22,202311W4,47,185,-138
2023-11-15,17175.0,17055.0,17175.0,17117.0,2023-11-15,120.0,2023-11-15 09:00:00,2023-11-15 12:53:00,2023-11-15 09:00:00,2023-11-15 09:45:00,122.1,2023,11,15,TXO,2023-11-15,202311,0,233,-233
2023-11-08,16797.0,16687.0,16777.0,16687.0,2023-11-08,110.0,2023-11-08 10:19:00,2023-11-08 09:02:00,2023-11-08 09:58:00,2023-11-08 09:02:00,128.75,2023,11,08,TX2,2023-11-08,202311W2,79,2,77
2023-11-01,16117.0,15978.0,16117.0,16026.0,2023-11-01,139.0,2023-11-01 09:00:00,2023-11-01 10:23:00,2023-11-01 09:00:00,2023-11-01 09:57:00,132.15,2023,11,01,TX1,2023-11-01,202311W1,0,83,-83
2023-10-25,16480.0,16373.0,16463.0,16373.0,2023-10-25,107.0,2023-10-25 10:08:00,2023-10-25 09:01:00,2023-10-25 09:57:00,2023-10-25 09:01:00,127.55,2023,10,25,TX4,2023-10-25,202310W4,68,1,67
2023-10-18,16610.0,16411.0,16610.0,16502.0,2023-10-18,199.0,2023-10-18 09:00:00,2023-10-18 13:02:00,2023-10-18 09:00:00,2023-10-18 09:55:00,121.4,2023,10,18,TXO,2023-10-18,202310,0,242,-242
2023-10-11,16780.0,16662.0,16780.0,16700.0,2023-10-11,118.0,2023-10-11 09:00:00,2023-10-11 10:22:00,2023-10-11 09:00:00,2023-10-11 09:52:00,128.75,2023,10,11,TX2,2023-10-11,202310W2,0,82,-82
2023-10-04,16285.0,16164.0,16264.0,16164.0,2023-10-04,121.0,2023-10-04 12:39:00,2023-10-04 09:43:00,2023-10-04 09:01:00,2023-10-04 09:43:00,125.9,2023,10,04,TX1,2023-10-04,202310W1,219,43,176
2023-09-27,16334.0,16232.0,16322.0,16232.0,2023-09-27,102.0,2023-09-27 10:06:00,2023-09-27 09:15:00,2023-09-27 09:26:00,2023-09-27 09:15:00,122.4,2023,09,27,TX4,2023-09-27,202309W4,66,15,51
2023-09-20,16648.0,16531.0,16648.0,16555.0,2023-09-20,117.0,2023-09-20 09:57:00,2023-09-20 13:16:00,2023-09-20 09:57:00,2023-09-20 09:19:00,122.3,2023,09,20,TXO,2023-09-20,202309,57,256,-199
2023-09-13,16645.0,16523.0,16645.0,16568.0,2023-09-13,122.0,2023-09-13 09:26:00,2023-09-13 11:45:00,2023-09-13 09:26:00,2023-09-13 09:53:00,138.85,2023,09,13,TX2,2023-09-13,202309W2,26,165,-139
2023-09-06,16801.0,16708.0,16801.0,16718.0,2023-09-06,93.0,2023-09-06 09:01:00,2023-09-06 11:10:00,2023-09-06 09:01:00,2023-09-06 09:56:00,145.55,2023,09,06,TX1,2023-09-06,202309W1,1,130,-129
2023-08-30,16778.0,16695.0,16778.0,16735.0,2023-08-30,83.0,2023-08-30 09:54:00,2023-08-30 11:02:00,2023-08-30 09:54:00,2023-08-30 09:15:00,173.7,2023,08,30,TX5,2023-08-30,202308W5,54,122,-68
2023-08-23,16555.0,16418.0,16523.0,16418.0,2023-08-23,137.0,2023-08-23 12:30:00,2023-08-23 09:02:00,2023-08-23 09:19:00,2023-08-23 09:02:00,184.2,2023,08,23,TX4,2023-08-23,202308W4,210,2,208
2023-08-16,16413.0,16295.0,16404.0,16295.0,2023-08-16,118.0,2023-08-16 10:30:00,2023-08-16 09:25:00,2023-08-16 09:54:00,2023-08-16 09:25:00,180.35,2023,08,16,TXO,2023-08-16,202308,90,25,65
2023-08-09,16935.0,16780.0,16935.0,16785.0,2023-08-09,155.0,2023-08-09 09:26:00,2023-08-09 12:28:00,2023-08-09 09:26:00,2023-08-09 09:02:00,178.95,2023,08,09,TX2,2023-08-09,202308W2,26,208,-182
2023-08-02,17162.0,16806.0,17162.0,17061.0,2023-08-02,356.0,2023-08-02 09:22:00,2023-08-02 13:18:00,2023-08-02 09:22:00,2023-08-02 09:58:00,177.95,2023,08,02,TX1,2023-08-02,202308W1,22,258,-236
2023-07-26,17188.0,17078.0,17179.0,17086.0,2023-07-26,110.0,2023-07-26 11:14:00,2023-07-26 13:19:00,2023-07-26 09:16:00,2023-07-26 09:42:00,161.0,2023,07,26,TX4,2023-07-26,202307W4,134,259,-125
2023-07-19,17325.0,17092.0,17325.0,17254.0,2023-07-19,233.0,2023-07-19 09:01:00,2023-07-19 12:49:00,2023-07-19 09:01:00,2023-07-19 09:37:00,153.5,2023,07,19,TXO,2023-07-19,202307,1,229,-228
2023-07-12,16925.0,16824.0,16899.0,16824.0,2023-07-12,101.0,2023-07-12 10:58:00,2023-07-12 09:21:00,2023-07-12 09:49:00,2023-07-12 09:21:00,136.0,2023,07,12,TX2,2023-07-12,202307W2,118,21,97
2023-07-05,17096.0,16975.0,17096.0,17047.0,2023-07-05,121.0,2023-07-05 09:01:00,2023-07-05 13:02:00,2023-07-05 09:01:00,2023-07-05 09:12:00,127.15,2023,07,05,TX1,2023-07-05,202307W1,1,242,-241
2023-06-28,16803.0,16712.0,16803.0,16744.0,2023-06-28,91.0,2023-06-28 09:01:00,2023-06-28 10:24:00,2023-06-28 09:01:00,2023-06-28 09:21:00,119.15,2023,06,28,TX4,2023-06-28,202306W4,1,84,-83
2023-06-21,17244.0,17140.0,17182.0,17140.0,2023-06-21,104.0,2023-06-21 13:05:00,2023-06-21 09:52:00,2023-06-21 09:11:00,2023-06-21 09:52:00,117.15,2023,06,21,TXO,2023-06-21,202306,245,52,193
2023-06-14,17230.0,17142.0,17228.0,17142.0,2023-06-14,88.0,2023-06-14 13:04:00,2023-06-14 09:02:00,2023-06-14 09:40:00,2023-06-14 09:02:00,113.85,2023,06,14,TX2,2023-06-14,202306W2,244,2,242
2023-06-07,16906.0,16766.0,16846.0,16766.0,2023-06-07,140.0,2023-06-07 12:20:00,2023-06-07 09:01:00,2023-06-07 09:44:00,2023-06-07 09:01:00,119.7,2023,06,07,TX1,2023-06-07,202306W1,200,1,199
2023-05-31,16598.0,16455.0,16598.0,16520.0,2023-05-31,143.0,2023-05-31 09:28:00,2023-05-31 10:28:00,2023-05-31 09:28:00,2023-05-31 09:59:00,115.1,2023,05,31,TX5,2023-05-31,202305W5,28,88,-60
2023-05-24,16091.0,16005.0,16086.0,16024.0,2023-05-24,86.0,2023-05-24 13:21:00,2023-05-24 11:08:00,2023-05-24 09:42:00,2023-05-24 09:19:00,115.35,2023,05,24,TX4,2023-05-24,202305W4,261,128,133
2023-05-17,15973.0,15713.0,15798.0,15713.0,2023-05-17,260.0,2023-05-17 13:02:00,2023-05-17 09:02:00,2023-05-17 09:59:00,2023-05-17 09:02:00,133.85,2023,05,17,TXO,2023-05-17,202305,242,2,240
2023-05-10,15693.0,15581.0,15693.0,15603.0,2023-05-10,112.0,2023-05-10 09:06:00,2023-05-10 12:28:00,2023-05-10 09:06:00,2023-05-10 09:59:00,120.2,2023,05,10,TX2,2023-05-10,202305W2,6,208,-202
2023-05-03,15595.0,15523.0,15581.0,15532.0,2023-05-03,72.0,2023-05-03 10:24:00,2023-05-03 11:23:00,2023-05-03 09:44:00,2023-05-03 09:22:00,119.2,2023,05,03,TX1,2023-05-03,202305W1,84,143,-59
2023-04-26,15399.0,15312.0,15397.0,15316.0,2023-04-26,87.0,2023-04-26 10:47:00,2023-04-26 10:15:00,2023-04-26 09:10:00,2023-04-26 09:53:00,122.1,2023,04,26,TX4,2023-04-26,202304W4,107,75,32
2023-04-19,15923.0,15750.0,15923.0,15883.0,2023-04-19,173.0,2023-04-19 09:04:00,2023-04-19 13:00:00,2023-04-19 09:04:00,2023-04-19 09:16:00,116.95,2023,04,19,TXO,2023-04-19,202304,4,240,-236
2023-04-12,15951.0,15866.0,15951.0,15866.0,2023-04-12,85.0,2023-04-12 09:00:00,2023-04-12 09:40:00,2023-04-12 09:00:00,2023-04-12 09:40:00,122.15,2023,04,12,TX2,2023-04-12,202304W2,0,40,-40
2023-04-06,15793.0,15701.0,15791.0,15701.0,2023-04-06,92.0,2023-04-06 10:06:00,2023-04-06 09:18:00,2023-04-06 09:49:00,2023-04-06 09:18:00,127.1,2023,04,06,TX1,2023-04-06,202304W1,66,18,48
2023-03-29,15787.0,15653.0,15787.0,15722.0,2023-03-29,134.0,2023-03-29 09:29:00,2023-03-29 11:25:00,2023-03-29 09:29:00,2023-03-29 09:59:00,131.65,2023,03,29,TX5,2023-03-29,202303W5,29,145,-116
2023-03-22,15723.0,15573.0,15699.0,15573.0,2023-03-22,150.0,2023-03-22 13:03:00,2023-03-22 09:01:00,2023-03-22 09:54:00,2023-03-22 09:01:00,134.65,2023,03,22,TX4,2023-03-22,202303W4,243,1,242
2023-03-15,15532.0,15404.0,15532.0,15451.0,2023-03-15,128.0,2023-03-15 09:40:00,2023-03-15 13:09:00,2023-03-15 09:40:00,2023-03-15 09:07:00,135.7,2023,03,15,TXO,2023-03-15,202303,40,249,-209
2023-03-08,15809.0,15721.0,15807.0,15754.0,2023-03-08,88.0,2023-03-08 13:11:00,2023-03-08 10:57:00,2023-03-08 09:36:00,2023-03-08 09:06:00,123.95,2023,03,08,TX2,2023-03-08,202303W2,251,117,134
2023-03-01,15555.0,15333.0,15477.0,15333.0,2023-03-01,222.0,2023-03-01 13:21:00,2023-03-01 09:02:00,2023-03-01 09:57:00,2023-03-01 09:02:00,124.3,2023,03,01,TX1,2023-03-01,202303W1,261,2,259
2023-02-22,15415.0,15306.0,15379.0,15306.0,2023-02-22,109.0,2023-02-22 12:00:00,2023-02-22 09:50:00,2023-02-22 09:02:00,2023-02-22 09:50:00,110.85,2023,02,22,TX4,2023-02-22,202302W4,180,50,130
2023-02-15,15550.0,15382.0,15550.0,15495.0,2023-02-15,168.0,2023-02-15 09:22:00,2023-02-15 13:03:00,2023-02-15 09:22:00,2023-02-15 09:02:00,117.45,2023,02,15,TXO,2023-02-15,202302,22,243,-221
2023-02-08,15624.0,15504.0,15565.0,15504.0,2023-02-08,120.0,2023-02-08 12:36:00,2023-02-08 09:23:00,2023-02-08 09:58:00,2023-02-08 09:23:00,127.7,2023,02,08,TX2,2023-02-08,202302W2,216,23,193
2023-02-01,15396.0,15297.0,15396.0,15342.0,2023-02-01,99.0,2023-02-01 09:16:00,2023-02-01 10:52:00,2023-02-01 09:16:00,2023-02-01 09:23:00,126.65,2023,02,01,TX1,2023-02-01,202302W1,16,112,-96
2023-01-30,15520.0,15364.0,15520.0,15387.0,2023-01-30,156.0,2023-01-30 09:00:00,2023-01-30 10:46:00,2023-01-30 09:00:00,2023-01-30 09:38:00,124.3,2023,01,30,TXO,2023-01-30,202301,0,106,-106
2023-01-11,14877.0,14746.0,14877.0,14784.0,2023-01-11,131.0,2023-01-11 09:00:00,2023-01-11 11:18:00,2023-01-11 09:00:00,2023-01-11 09:58:00,136.8,2023,01,11,TX2,2023-01-11,202301W2,0,138,-138
2023-01-04,14271.0,14181.0,14271.0,14181.0,2023-01-04,90.0,2023-01-04 09:42:00,2023-01-04 09:16:00,2023-01-04 09:42:00,2023-01-04 09:16:00,141.2,2023,01,04,TX1,2023-01-04,202301W1,42,16,26
2022-12-28,14195.0,14070.0,14195.0,14117.0,2022-12-28,125.0,2022-12-28 09:32:00,2022-12-28 11:11:00,2022-12-28 09:32:00,2022-12-28 09:46:00,145.35,2022,12,28,TX4,2022-12-28,202212W4,32,131,-99
2022-12-21,14278.0,14175.0,14278.0,14208.0,2022-12-21,103.0,2022-12-21 09:34:00,2022-12-21 12:19:00,2022-12-21 09:34:00,2022-12-21 09:04:00,161.3,2022,12,21,TXO,2022-12-21,202212,34,199,-165
2022-12-14,14732.0,14576.0,14712.0,14576.0,2022-12-14,156.0,2022-12-14 11:46:00,2022-12-14 09:08:00,2022-12-14 09:37:00,2022-12-14 09:08:00,161.1,2022,12,14,TX2,2022-12-14,202212W2,166,8,158
2022-12-07,14780.0,14594.0,14779.0,14616.0,2022-12-07,186.0,2022-12-07 10:07:00,2022-12-07 11:08:00,2022-12-07 09:58:00,2022-12-07 09:03:00,171.15,2022,12,07,TX1,2022-12-07,202212W1,67,128,-61
2022-11-30,14838.0,14624.0,14737.0,14624.0,2022-11-30,214.0,2022-11-30 13:26:00,2022-11-30 09:00:00,2022-11-30 09:48:00,2022-11-30 09:00:00,163.25,2022,11,30,TX5,2022-11-30,202211W5,266,0,266
2022-11-23,14642.0,14543.0,14637.0,14556.0,2022-11-23,99.0,2022-11-23 10:59:00,2022-11-23 10:13:00,2022-11-23 09:01:00,2022-11-23 09:50:00,154.75,2022,11,23,TX4,2022-11-23,202211W4,119,73,46
2022-11-16,14652.0,14451.0,14634.0,14451.0,2022-11-16,201.0,2022-11-16 10:24:00,2022-11-16 09:22:00,2022-11-16 09:01:00,2022-11-16 09:22:00,165.75,2022,11,16,TXO,2022-11-16,202211,84,22,62
2022-11-09,13613.0,13438.0,13531.0,13438.0,2022-11-09,175.0,2022-11-09 13:07:00,2022-11-09 09:01:00,2022-11-09 09:49:00,2022-11-09 09:01:00,170.85,2022,11,09,TX2,2022-11-09,202211W2,247,1,246
2022-11-02,13103.0,13015.0,13071.0,13015.0,2022-11-02,88.0,2022-11-02 10:38:00,2022-11-02 09:03:00,2022-11-02 09:46:00,2022-11-02 09:03:00,173.35,2022,11,02,TX1,2022-11-02,202211W1,98,3,95
2022-10-26,12833.0,12664.0,12755.0,12664.0,2022-10-26,169.0,2022-10-26 11:00:00,2022-10-26 09:09:00,2022-10-26 09:15:00,2022-10-26 09:09:00,192.65,2022,10,26,TX4,2022-10-26,202210W4,120,9,111
2022-10-19,13168.0,12967.0,13168.0,13076.0,2022-10-19,201.0,2022-10-19 09:44:00,2022-10-19 13:04:00,2022-10-19 09:44:00,2022-10-19 09:01:00,180.5,2022,10,19,TXO,2022-10-19,202210,44,244,-200
2022-10-12,13140.0,12975.0,13104.0,12975.0,2022-10-12,165.0,2022-10-12 11:01:00,2022-10-12 09:36:00,2022-10-12 09:00:00,2022-10-12 09:36:00,161.35,2022,10,12,TX2,2022-10-12,202210W2,121,36,85
2022-10-05,13884.0,13728.0,13850.0,13743.0,2022-10-05,156.0,2022-10-05 10:27:00,2022-10-05 12:46:00,2022-10-05 09:32:00,2022-10-05 09:00:00,153.75,2022,10,05,TX1,2022-10-05,202210W1,87,226,-139
2022-09-28,13849.0,13486.0,13849.0,13560.0,2022-09-28,363.0,2022-09-28 09:10:00,2022-09-28 10:41:00,2022-09-28 09:10:00,2022-09-28 09:52:00,157.55,2022,09,28,TX4,2022-09-28,202209W4,10,101,-91
2022-09-21,14520.0,14392.0,14520.0,14453.0,2022-09-21,128.0,2022-09-21 09:11:00,2022-09-21 13:11:00,2022-09-21 09:11:00,2022-09-21 09:36:00,138.0,2022,09,21,TXO,2022-09-21,202209,11,251,-240
2022-09-14,14641.0,14483.0,14606.0,14483.0,2022-09-14,158.0,2022-09-14 12:39:00,2022-09-14 09:01:00,2022-09-14 09:59:00,2022-09-14 09:01:00,132.0,2022,09,14,TX2,2022-09-14,202209W2,219,1,218
2022-09-07,14450.0,14331.0,14450.0,14331.0,2022-09-07,119.0,2022-09-07 09:02:00,2022-09-07 09:34:00,2022-09-07 09:02:00,2022-09-07 09:34:00,126.95,2022,09,07,TX1,2022-09-07,202209W1,2,34,-32
2022-08-31,15099.0,14826.0,14938.0,14826.0,2022-08-31,273.0,2022-08-31 13:27:00,2022-08-31 09:01:00,2022-08-31 09:43:00,2022-08-31 09:01:00,130.5,2022,08,31,TX5,2022-08-31,202208W5,267,1,266
2022-08-24,15120.0,14987.0,15120.0,15042.0,2022-08-24,133.0,2022-08-24 09:17:00,2022-08-24 12:16:00,2022-08-24 09:17:00,2022-08-24 09:54:00,125.15,2022,08,24,TX4,2022-08-24,202208W4,17,196,-179
2022-08-17,15461.0,15396.0,15460.0,15402.0,2022-08-17,65.0,2022-08-17 13:05:00,2022-08-17 10:27:00,2022-08-17 09:53:00,2022-08-17 09:04:00,137.8,2022,08,17,TXO,2022-08-17,202208,245,87,158
2022-08-10,14945.0,14837.0,14925.0,14837.0,2022-08-10,108.0,2022-08-10 11:46:00,2022-08-10 09:02:00,2022-08-10 09:49:00,2022-08-10 09:02:00,165.25,2022,08,10,TX2,2022-08-10,202208W2,166,2,164
2022-08-03,14727.0,14620.0,14727.0,14620.0,2022-08-03,107.0,2022-08-03 09:17:00,2022-08-03 09:33:00,2022-08-03 09:17:00,2022-08-03 09:33:00,190.65,2022,08,03,TX1,2022-08-03,202208W1,17,33,-16
2022-07-27,14799.0,14615.0,14747.0,14636.0,2022-07-27,184.0,2022-07-27 13:30:00,2022-07-27 10:36:00,2022-07-27 09:05:00,2022-07-27 09:45:00,253.4,2022,07,27,TX4,2022-07-27,202207W4,270,96,174
2022-07-20,14907.0,14696.0,14907.0,14838.0,2022-07-20,211.0,2022-07-20 09:12:00,2022-07-20 13:12:00,2022-07-20 09:12:00,2022-07-20 09:23:00,263.5,2022,07,20,TXO,2022-07-20,202207,12,252,-240
2022-07-13,14356.0,14214.0,14332.0,14214.0,2022-07-13,142.0,2022-07-13 13:04:00,2022-07-13 09:19:00,2022-07-13 09:10:00,2022-07-13 09:19:00,283.05,2022,07,13,TX2,2022-07-13,202207W2,244,19,225
2022-07-06,14230.0,13874.0,14230.0,14050.0,2022-07-06,356.0,2022-07-06 09:02:00,2022-07-06 13:27:00,2022-07-06 09:02:00,2022-07-06 09:45:00,247.9,2022,07,06,TX1,2022-07-06,202207W1,2,267,-265
2022-06-29,15114.0,14980.0,15114.0,14980.0,2022-06-29,134.0,2022-06-29 09:39:00,2022-06-29 09:13:00,2022-06-29 09:39:00,2022-06-29 09:13:00,185.2,2022,06,29,TX5,2022-06-29,202206W5,39,13,26
2022-06-22,15289.0,14984.0,15289.0,15134.0,2022-06-22,305.0,2022-06-22 09:00:00,2022-06-22 12:12:00,2022-06-22 09:00:00,2022-06-22 09:46:00,182.6,2022,06,22,TX4,2022-06-22,202206W4,0,192,-192
2022-06-15,16096.0,15989.0,16096.0,15999.0,2022-06-15,107.0,2022-06-15 09:38:00,2022-06-15 12:16:00,2022-06-15 09:38:00,2022-06-15 09:02:00,153.85,2022,06,15,TXO,2022-06-15,202206,38,196,-158
2022-06-08,16693.0,16584.0,16682.0,16584.0,2022-06-08,109.0,2022-06-08 10:11:00,2022-06-08 09:01:00,2022-06-08 09:45:00,2022-06-08 09:01:00,164.95,2022,06,08,TX2,2022-06-08,202206W2,71,1,70
2022-06-01,16755.0,16620.0,16724.0,16625.0,2022-06-01,135.0,2022-06-01 10:23:00,2022-06-01 12:19:00,2022-06-01 09:42:00,2022-06-01 09:02:00,175.1,2022,06,01,TX1,2022-06-01,202206W1,83,199,-116
2022-05-25,16146.0,15968.0,16025.0,15968.0,2022-05-25,178.0,2022-05-25 13:03:00,2022-05-25 09:08:00,2022-05-25 09:59:00,2022-05-25 09:08:00,167.6,2022,05,25,TX4,2022-05-25,202205W4,243,8,235
2022-05-18,16318.0,16159.0,16209.0,16159.0,2022-05-18,159.0,2022-05-18 13:11:00,2022-05-18 09:47:00,2022-05-18 09:16:00,2022-05-18 09:47:00,163.95,2022,05,18,TXO,2022-05-18,202205,251,47,204
2022-05-11,16058.0,15907.0,15995.0,15907.0,2022-05-11,151.0,2022-05-11 11:50:00,2022-05-11 09:49:00,2022-05-11 09:07:00,2022-05-11 09:49:00,156.95,2022,05,11,TX2,2022-05-11,202205W2,170,49,121
2022-05-04,16589.0,16489.0,16589.0,16536.0,2022-05-04,100.0,2022-05-04 09:13:00,2022-05-04 11:13:00,2022-05-04 09:13:00,2022-05-04 09:02:00,165.7,2022,05,04,TX1,2022-05-04,202205W1,13,133,-120
2022-04-27,16344.0,16160.0,16318.0,16207.0,2022-04-27,184.0,2022-04-27 11:41:00,2022-04-27 10:38:00,2022-04-27 09:41:00,2022-04-27 09:06:00,160.4,2022,04,27,TX4,2022-04-27,202204W4,161,98,63
2022-04-20,17135.0,16992.0,17093.0,17010.0,2022-04-20,143.0,2022-04-20 13:02:00,2022-04-20 10:26:00,2022-04-20 09:02:00,2022-04-20 09:59:00,153.1,2022,04,20,TXO,2022-04-20,202204,242,86,156
2022-04-13,17316.0,17123.0,17199.0,17123.0,2022-04-13,193.0,2022-04-13 13:05:00,2022-04-13 09:22:00,2022-04-13 09:46:00,2022-04-13 09:22:00,168.7,2022,04,13,TX2,2022-04-13,202204W2,245,22,223
2022-04-06,17507.0,17327.0,17405.0,17327.0,2022-04-06,180.0,2022-04-06 13:19:00,2022-04-06 09:06:00,2022-04-06 09:36:00,2022-04-06 09:06:00,167.7,2022,04,06,TX1,2022-04-06,202204W1,259,6,253
2022-03-30,17755.0,17658.0,17745.0,17674.0,2022-03-30,97.0,2022-03-30 13:03:00,2022-03-30 10:57:00,2022-03-30 09:46:00,2022-03-30 09:17:00,173.7,2022,03,30,TX5,2022-03-30,202203W5,243,117,126
2022-03-23,17735.0,17610.0,17699.0,17648.0,2022-03-23,125.0,2022-03-23 10:50:00,2022-03-23 12:19:00,2022-03-23 09:56:00,2022-03-23 09:01:00,191.5,2022,03,23,TX4,2022-03-23,202203W4,110,199,-89
2022-03-16,17072.0,16801.0,17072.0,16897.0,2022-03-16,271.0,2022-03-16 09:01:00,2022-03-16 12:27:00,2022-03-16 09:01:00,2022-03-16 09:48:00,204.05,2022,03,16,TXO,2022-03-16,202203,1,207,-206
2022-03-09,17023.0,16880.0,16983.0,16880.0,2022-03-09,143.0,2022-03-09 12:42:00,2022-03-09 09:22:00,2022-03-09 09:46:00,2022-03-09 09:22:00,187.15,2022,03,09,TX2,2022-03-09,202203W2,222,22,200
2022-03-02,17895.0,17758.0,17840.0,17758.0,2022-03-02,137.0,2022-03-02 13:06:00,2022-03-02 09:26:00,2022-03-02 09:52:00,2022-03-02 09:26:00,178.7,2022,03,02,TX1,2022-03-02,202203W1,246,26,220
2022-02-23,18060.0,17941.0,18016.0,17941.0,2022-02-23,119.0,2022-02-23 13:14:00,2022-02-23 09:50:00,2022-02-23 09:25:00,2022-02-23 09:50:00,171.15,2022,02,23,TX4,2022-02-23,202202W4,254,50,204
2022-02-16,18248.0,18140.0,18200.0,18151.0,2022-02-16,108.0,2022-02-16 10:48:00,2022-02-16 12:39:00,2022-02-16 09:16:00,2022-02-16 09:52:00,165.55,2022,02,16,TXO,2022-02-16,202202,108,219,-111
2022-02-09,18168.0,18050.0,18105.0,18056.0,2022-02-09,118.0,2022-02-09 13:08:00,2022-02-09 10:31:00,2022-02-09 09:31:00,2022-02-09 09:02:00,176.75,2022,02,09,TX2,2022-02-09,202202W2,248,91,157
2022-02-07,17896.0,17693.0,17846.0,17717.0,2022-02-07,203.0,2022-02-07 13:23:00,2022-02-07 10:52:00,2022-02-07 09:27:00,2022-02-07 09:46:00,180.3,2022,02,07,TX1,2022-02-07,202202W1,263,112,151
2022-01-26,17757.0,17607.0,17720.0,17607.0,2022-01-26,150.0,2022-01-26 10:52:00,2022-01-26 09:00:00,2022-01-26 09:10:00,2022-01-26 09:00:00,175.2,2022,01,26,TX4,2022-01-26,202201W4,112,0,112
2022-01-19,18345.0,18210.0,18345.0,18230.0,2022-01-19,135.0,2022-01-19 09:34:00,2022-01-19 11:49:00,2022-01-19 09:34:00,2022-01-19 09:02:00,146.95,2022,01,19,TXO,2022-01-19,202201,34,169,-135
2022-01-12,18388.0,18271.0,18388.0,18295.0,2022-01-12,117.0,2022-01-12 09:00:00,2022-01-12 11:21:00,2022-01-12 09:00:00,2022-01-12 09:50:00,141.35,2022,01,12,TX2,2022-01-12,202201W2,0,141,-141
2022-01-05,18546.0,18438.0,18546.0,18479.0,2022-01-05,108.0,2022-01-05 09:26:00,2022-01-05 13:22:00,2022-01-05 09:26:00,2022-01-05 09:55:00,121.5,2022,01,05,TX1,2022-01-05,202201W1,26,262,-236
2021-12-29,18289.0,18188.0,18243.0,18191.0,2021-12-29,101.0,2021-12-29 12:58:00,2021-12-29 10:07:00,2021-12-29 09:11:00,2021-12-29 09:44:00,131.65,2021,12,29,TX5,2021-12-29,202112W5,238,67,171
2021-12-22,17837.0,17783.0,17834.0,17798.0,2021-12-22,54.0,2021-12-22 13:28:00,2021-12-22 10:49:00,2021-12-22 09:38:00,2021-12-22 09:43:00,162.95,2021,12,22,TX4,2021-12-22,202112W4,268,109,159
2021-12-15,17666.0,17536.0,17637.0,17536.0,2021-12-15,130.0,2021-12-15 12:25:00,2021-12-15 09:36:00,2021-12-15 09:58:00,2021-12-15 09:36:00,155.35,2021,12,15,TXO,2021-12-15,202112,205,36,169
2021-12-08,17988.0,17860.0,17988.0,17908.0,2021-12-08,128.0,2021-12-08 09:29:00,2021-12-08 12:10:00,2021-12-08 09:29:00,2021-12-08 09:59:00,150.0,2021,12,08,TX2,2021-12-08,202112W2,29,190,-161
2021-12-01,17617.0,17333.0,17457.0,17333.0,2021-12-01,284.0,2021-12-01 13:08:00,2021-12-01 09:01:00,2021-12-01 09:56:00,2021-12-01 09:01:00,141.25,2021,12,01,TX1,2021-12-01,202112W1,248,1,247
2021-11-24,17698.0,17598.0,17698.0,17639.0,2021-11-24,100.0,2021-11-24 09:53:00,2021-11-24 11:10:00,2021-11-24 09:53:00,2021-11-24 09:00:00,122.9,2021,11,24,TX4,2021-11-24,202111W4,53,130,-77
2021-11-17,17761.0,17678.0,17738.0,17701.0,2021-11-17,83.0,2021-11-17 12:20:00,2021-11-17 10:06:00,2021-11-17 09:01:00,2021-11-17 09:41:00,139.45,2021,11,17,TXO,2021-11-17,202111,200,66,134
2021-11-10,17581.0,17496.0,17581.0,17535.0,2021-11-10,85.0,2021-11-10 09:37:00,2021-11-10 11:06:00,2021-11-10 09:37:00,2021-11-10 09:49:00,155.4,2021,11,10,TX2,2021-11-10,202111W2,37,126,-89
2021-11-03,17127.0,17040.0,17127.0,17064.0,2021-11-03,87.0,2021-11-03 09:52:00,2021-11-03 11:00:00,2021-11-03 09:52:00,2021-11-03 09:10:00,174.25,2021,11,03,TX1,2021-11-03,202111W1,52,120,-68
2021-10-27,17088.0,16935.0,17025.0,16960.0,2021-10-27,153.0,2021-10-27 13:28:00,2021-10-27 10:40:00,2021-10-27 09:42:00,2021-10-27 09:53:00,207.55,2021,10,27,TX4,2021-10-27,202110W4,268,100,168
2021-10-20,16987.0,16863.0,16987.0,16903.0,2021-10-20,124.0,2021-10-20 09:33:00,2021-10-20 13:02:00,2021-10-20 09:33:00,2021-10-20 09:58:00,199.4,2021,10,20,TXO,2021-10-20,202110,33,242,-209
2021-10-13,16573.0,16331.0,16573.0,16432.0,2021-10-13,242.0,2021-10-13 09:00:00,2021-10-13 11:55:00,2021-10-13 09:00:00,2021-10-13 09:59:00,196.6,2021,10,13,TX2,2021-10-13,202110W2,0,175,-175
2021-10-06,16493.0,16265.0,16493.0,16291.0,2021-10-06,228.0,2021-10-06 09:01:00,2021-10-06 11:07:00,2021-10-06 09:01:00,2021-10-06 09:55:00,196.65,2021,10,06,TX1,2021-10-06,202110W1,1,127,-126
2021-09-29,16909.0,16760.0,16900.0,16792.0,2021-09-29,149.0,2021-09-29 10:38:00,2021-09-29 13:16:00,2021-09-29 09:04:00,2021-09-29 09:39:00,173.95,2021,09,29,TX5,2021-09-29,202109W5,98,256,-158
2021-09-22,16940.0,16751.0,16940.0,16800.0,2021-09-22,189.0,2021-09-22 09:26:00,2021-09-22 10:45:00,2021-09-22 09:26:00,2021-09-22 09:06:00,189.1,2021,09,22,TX4,2021-09-22,202109W4,26,105,-79
2021-09-15,17432.0,17280.0,17432.0,17285.0,2021-09-15,152.0,2021-09-15 09:12:00,2021-09-15 10:06:00,2021-09-15 09:12:00,2021-09-15 09:50:00,206.05,2021,09,15,TXO,2021-09-15,202109,12,66,-54
2021-09-08,17415.0,17163.0,17415.0,17315.0,2021-09-08,252.0,2021-09-08 09:00:00,2021-09-08 12:55:00,2021-09-08 09:00:00,2021-09-08 09:11:00,224.8,2021,09,08,TX2,2021-09-08,202109W2,0,235,-235
2021-09-01,17500.0,17370.0,17464.0,17370.0,2021-09-01,130.0,2021-09-01 13:07:00,2021-09-01 09:00:00,2021-09-01 09:19:00,2021-09-01 09:00:00,215.1,2021,09,01,TX1,2021-09-01,202109W1,247,0,247
2021-08-25,16971.0,16803.0,16913.0,16803.0,2021-08-25,168.0,2021-08-25 13:03:00,2021-08-25 09:03:00,2021-08-25 09:46:00,2021-08-25 09:03:00,208.25,2021,08,25,TX4,2021-08-25,202108W4,243,3,240
2021-08-18,16796.0,16389.0,16537.0,16389.0,2021-08-18,407.0,2021-08-18 12:41:00,2021-08-18 09:42:00,2021-08-18 09:14:00,2021-08-18 09:42:00,206.0,2021,08,18,TXO,2021-08-18,202108,221,42,179
2021-08-11,17298.0,17078.0,17269.0,17150.0,2021-08-11,220.0,2021-08-11 10:18:00,2021-08-11 12:43:00,2021-08-11 09:44:00,2021-08-11 09:15:00,198.2,2021,08,11,TX2,2021-08-11,202108W2,78,223,-145
2021-08-04,17586.0,17464.0,17543.0,17464.0,2021-08-04,122.0,2021-08-04 13:26:00,2021-08-04 09:48:00,2021-08-04 09:28:00,2021-08-04 09:48:00,204.55,2021,08,04,TX1,2021-08-04,202108W1,266,48,218
2021-07-28,17136.0,16733.0,17136.0,16733.0,2021-07-28,403.0,2021-07-28 09:07:00,2021-07-28 09:51:00,2021-07-28 09:07:00,2021-07-28 09:51:00,196.65,2021,07,28,TX4,2021-07-28,202107W4,7,51,-44
2021-07-21,17660.0,17376.0,17660.0,17531.0,2021-07-21,284.0,2021-07-21 09:01:00,2021-07-21 12:51:00,2021-07-21 09:01:00,2021-07-21 09:58:00,180.15,2021,07,21,TXO,2021-07-21,202107,1,231,-230
2021-07-14,17924.0,17748.0,17924.0,17786.0,2021-07-14,176.0,2021-07-14 09:14:00,2021-07-14 10:05:00,2021-07-14 09:14:00,2021-07-14 09:59:00,180.4,2021,07,14,TX2,2021-07-14,202107W2,14,65,-51
2021-07-07,17906.0,17715.0,17879.0,17802.0,2021-07-07,191.0,2021-07-07 10:31:00,2021-07-07 12:41:00,2021-07-07 09:57:00,2021-07-07 09:08:00,180.9,2021,07,07,TX1,2021-07-07,202107W1,91,221,-130
2021-06-30,17766.0,17583.0,17716.0,17583.0,2021-06-30,183.0,2021-06-30 13:01:00,2021-06-30 09:05:00,2021-06-30 09:48:00,2021-06-30 09:05:00,195.45,2021,06,30,TX5,2021-06-30,202106W5,241,5,236
2021-06-23,17319.0,17059.0,17244.0,17059.0,2021-06-23,260.0,2021-06-23 13:25:00,2021-06-23 09:27:00,2021-06-23 09:46:00,2021-06-23 09:27:00,200.0,2021,06,23,TX4,2021-06-23,202106W4,265,27,238
2021-06-16,17398.0,17033.0,17389.0,17334.0,2021-06-16,365.0,2021-06-16 12:34:00,2021-06-16 12:46:00,2021-06-16 09:53:00,2021-06-16 09:00:00,213.15,2021,06,16,TXO,2021-06-16,202106,214,226,-12
2021-06-09,17073.0,16889.0,17073.0,16955.0,2021-06-09,184.0,2021-06-09 09:09:00,2021-06-09 12:40:00,2021-06-09 09:09:00,2021-06-09 09:23:00,286.2,2021,06,09,TX2,2021-06-09,202106W2,9,220,-211
2021-06-02,17198.0,17016.0,17198.0,17104.0,2021-06-02,182.0,2021-06-02 09:13:00,2021-06-02 11:46:00,2021-06-02 09:13:00,2021-06-02 09:36:00,371.95,2021,06,02,TX1,2021-06-02,202106W1,13,166,-153
2021-05-26,16664.0,16504.0,16664.0,16552.0,2021-05-26,160.0,2021-05-26 09:04:00,2021-05-26 10:25:00,2021-05-26 09:04:00,2021-05-26 09:37:00,396.4,2021,05,26,TX4,2021-05-26,202105W4,4,85,-81
2021-05-19,16248.0,15979.0,16238.0,15993.0,2021-05-19,269.0,2021-05-19 11:55:00,2021-05-19 10:10:00,2021-05-19 09:09:00,2021-05-19 09:37:00,384.4,2021,05,19,TXO,2021-05-19,202105,175,70,105
2021-05-12,16531.0,15027.0,16531.0,16222.0,2021-05-12,1504.0,2021-05-12 09:46:00,2021-05-12 11:25:00,2021-05-12 09:46:00,2021-05-12 09:15:00,306.45,2021,05,12,TX2,2021-05-12,202105W2,46,145,-99
2021-05-05,17020.0,16783.0,17007.0,16875.0,2021-05-05,237.0,2021-05-05 10:05:00,2021-05-05 13:30:00,2021-05-05 09:57:00,2021-05-05 09:06:00,215.2,2021,05,05,TX1,2021-05-05,202105W1,65,270,-205
2021-04-28,17563.0,17475.0,17560.0,17512.0,2021-04-28,88.0,2021-04-28 10:01:00,2021-04-28 10:36:00,2021-04-28 09:52:00,2021-04-28 09:06:00,174.4,2021,04,28,TX4,2021-04-28,202104W4,61,96,-35
2021-04-21,17270.0,17150.0,17258.0,17158.0,2021-04-21,120.0,2021-04-21 12:10:00,2021-04-21 10:05:00,2021-04-21 09:07:00,2021-04-21 09:58:00,172.3,2021,04,21,TXO,2021-04-21,202104,190,65,125
2021-04-14,16917.0,16592.0,16917.0,16761.0,2021-04-14,325.0,2021-04-14 09:20:00,2021-04-14 11:18:00,2021-04-14 09:20:00,2021-04-14 09:36:00,180.8,2021,04,14,TX2,2021-04-14,202104W2,20,138,-118
2021-04-07,16788.0,16673.0,16784.0,16692.0,2021-04-07,115.0,2021-04-07 13:03:00,2021-04-07 11:07:00,2021-04-07 09:16:00,2021-04-07 09:53:00,165.35,2021,04,07,TX1,2021-04-07,202104W1,243,127,116
2021-03-31,16549.0,16403.0,16549.0,16485.0,2021-03-31,146.0,2021-03-31 09:42:00,2021-03-31 11:13:00,2021-03-31 09:42:00,2021-03-31 09:04:00,194.8,2021,03,31,TX5,2021-03-31,202103W5,42,133,-91
2021-03-24,16062.0,15939.0,16062.0,15976.0,2021-03-24,123.0,2021-03-24 09:40:00,2021-03-24 12:52:00,2021-03-24 09:40:00,2021-03-24 09:05:00,225.05,2021,03,24,TX4,2021-03-24,202103W4,40,232,-192
2021-03-17,16336.0,16161.0,16321.0,16255.0,2021-03-17,175.0,2021-03-17 10:16:00,2021-03-17 13:01:00,2021-03-17 09:49:00,2021-03-17 09:36:00,239.2,2021,03,17,TXO,2021-03-17,202103,76,241,-165
2021-03-10,15968.0,15808.0,15968.0,15855.0,2021-03-10,160.0,2021-03-10 09:20:00,2021-03-10 10:31:00,2021-03-10 09:20:00,2021-03-10 09:59:00,261.4,2021,03,10,TX2,2021-03-10,202103W2,20,91,-71
2021-03-03,16196.0,15885.0,16020.0,15885.0,2021-03-03,311.0,2021-03-03 13:28:00,2021-03-03 09:31:00,2021-03-03 09:00:00,2021-03-03 09:31:00,271.65,2021,03,03,TX1,2021-03-03,202103W1,268,31,237
2021-02-24,16435.0,16133.0,16435.0,16283.0,2021-02-24,302.0,2021-02-24 09:52:00,2021-02-24 12:23:00,2021-02-24 09:52:00,2021-02-24 09:00:00,266.2,2021,02,24,TX4,2021-02-24,202102W4,52,203,-151
2021-02-17,16433.0,16185.0,16399.0,16185.0,2021-02-17,248.0,2021-02-17 11:45:00,2021-02-17 09:10:00,2021-02-17 09:41:00,2021-02-17 09:10:00,269.55,2021,02,17,TXO,2021-02-17,202102,165,10,155
2021-02-03,15848.0,15716.0,15848.0,15716.0,2021-02-03,132.0,2021-02-03 09:02:00,2021-02-03 09:42:00,2021-02-03 09:02:00,2021-02-03 09:42:00,264.45,2021,02,03,TX1,2021-02-03,202102W1,2,42,-40
2021-01-27,15814.0,15585.0,15814.0,15681.0,2021-01-27,229.0,2021-01-27 09:41:00,2021-01-27 11:12:00,2021-01-27 09:41:00,2021-01-27 09:08:00,246.65,2021,01,27,TX4,2021-01-27,202101W4,41,132,-91
2021-01-20,15964.0,15735.0,15964.0,15816.0,2021-01-20,229.0,2021-01-20 09:22:00,2021-01-20 13:06:00,2021-01-20 09:22:00,2021-01-20 09:45:00,201.5,2021,01,20,TXO,2021-01-20,202101,22,246,-224
2021-01-13,15790.0,15566.0,15704.0,15566.0,2021-01-13,224.0,2021-01-13 13:15:00,2021-01-13 09:11:00,2021-01-13 09:57:00,2021-01-13 09:11:00,180.75,2021,01,13,TX2,2021-01-13,202101W2,255,11,244
2021-01-06,15140.0,14764.0,15140.0,14970.0,2021-01-06,376.0,2021-01-06 09:26:00,2021-01-06 12:03:00,2021-01-06 09:26:00,2021-01-06 09:40:00,167.15,2021,01,06,TX1,2021-01-06,202101W1,26,183,-157
2020-12-30,14643.0,14457.0,14538.0,14457.0,2020-12-30,186.0,2020-12-30 13:30:00,2020-12-30 09:27:00,2020-12-30 09:58:00,2020-12-30 09:27:00,155.1,2020,12,30,TX5,2020-12-30,202012W5,270,27,243
2020-12-23,14181.0,14031.0,14153.0,14031.0,2020-12-23,150.0,2020-12-23 12:23:00,2020-12-23 09:16:00,2020-12-23 09:51:00,2020-12-23 09:16:00,162.5,2020,12,23,TX4,2020-12-23,202012W4,203,16,187
2020-12-16,14328.0,14188.0,14290.0,14188.0,2020-12-16,140.0,2020-12-16 13:08:00,2020-12-16 09:01:00,2020-12-16 09:46:00,2020-12-16 09:01:00,148.75,2020,12,16,TXO,2020-12-16,202012,248,1,247
2020-12-09,14425.0,14331.0,14384.0,14331.0,2020-12-09,94.0,2020-12-09 12:50:00,2020-12-09 09:09:00,2020-12-09 09:26:00,2020-12-09 09:09:00,142.65,2020,12,09,TX2,2020-12-09,202012W2,230,9,221
2020-12-02,13980.0,13855.0,13939.0,13855.0,2020-12-02,125.0,2020-12-02 12:41:00,2020-12-02 09:52:00,2020-12-02 09:01:00,2020-12-02 09:52:00,138.5,2020,12,02,TX1,2020-12-02,202012W1,221,52,169
2020-11-25,13901.0,13698.0,13901.0,13840.0,2020-11-25,203.0,2020-11-25 09:00:00,2020-11-25 13:29:00,2020-11-25 09:00:00,2020-11-25 09:56:00,134.5,2020,11,25,TX4,2020-11-25,202011W4,0,269,-269
2020-11-18,13788.0,13621.0,13696.0,13621.0,2020-11-18,167.0,2020-11-18 12:23:00,2020-11-18 09:04:00,2020-11-18 09:52:00,2020-11-18 09:04:00,124.05,2020,11,18,TXO,2020-11-18,202011,203,4,199
2020-11-11,13276.0,13077.0,13162.0,13077.0,2020-11-11,199.0,2020-11-11 13:05:00,2020-11-11 09:01:00,2020-11-11 09:58:00,2020-11-11 09:01:00,118.05,2020,11,11,TX2,2020-11-11,202011W2,245,1,244
2020-11-04,12879.0,12662.0,12767.0,12662.0,2020-11-04,217.0,2020-11-04 11:45:00,2020-11-04 09:30:00,2020-11-04 09:54:00,2020-11-04 09:30:00,114.7,2020,11,04,TX1,2020-11-04,202011W1,165,30,135
2020-10-28,12809.0,12713.0,12809.0,12775.0,2020-10-28,96.0,2020-10-28 09:37:00,2020-10-28 13:10:00,2020-10-28 09:37:00,2020-10-28 09:52:00,110.85,2020,10,28,TX4,2020-10-28,202010W4,37,250,-213
2020-10-21,12946.0,12851.0,12946.0,12900.0,2020-10-21,95.0,2020-10-21 09:49:00,2020-10-21 13:09:00,2020-10-21 09:49:00,2020-10-21 09:04:00,134.0,2020,10,21,TXO,2020-10-21,202010,49,249,-200
2020-10-14,12956.0,12871.0,12956.0,12891.0,2020-10-14,85.0,2020-10-14 09:14:00,2020-10-14 13:27:00,2020-10-14 09:14:00,2020-10-14 09:37:00,133.75,2020,10,14,TX2,2020-10-14,202010W2,14,267,-253
2020-10-07,12755.0,12606.0,12676.0,12606.0,2020-10-07,149.0,2020-10-07 13:05:00,2020-10-07 09:03:00,2020-10-07 09:58:00,2020-10-07 09:03:00,133.45,2020,10,07,TX1,2020-10-07,202010W1,245,3,242
2020-09-30,12548.0,12444.0,12527.0,12444.0,2020-09-30,104.0,2020-09-30 10:37:00,2020-09-30 09:09:00,2020-09-30 09:47:00,2020-09-30 09:09:00,138.35,2020,09,30,TX5,2020-09-30,202009W5,97,9,88
2020-09-23,12562.0,12441.0,12562.0,12461.0,2020-09-23,121.0,2020-09-23 09:02:00,2020-09-23 11:04:00,2020-09-23 09:02:00,2020-09-23 09:31:00,144.9,2020,09,23,TX4,2020-09-23,202009W4,2,124,-122
2020-09-16,13018.0,12900.0,13002.0,12934.0,2020-09-16,118.0,2020-09-16 12:30:00,2020-09-16 13:05:00,2020-09-16 09:59:00,2020-09-16 09:15:00,168.7,2020,09,16,TXO,2020-09-16,202009,210,245,-35
2020-09-09,12606.0,12434.0,12534.0,12434.0,2020-09-09,172.0,2020-09-09 13:16:00,2020-09-09 09:20:00,2020-09-09 09:40:00,2020-09-09 09:20:00,180.65,2020,09,09,TX2,2020-09-09,202009W2,256,20,236
2020-09-02,12776.0,12595.0,12776.0,12695.0,2020-09-02,181.0,2020-09-02 09:06:00,2020-09-02 11:40:00,2020-09-02 09:06:00,2020-09-02 09:59:00,182.0,2020,09,02,TX1,2020-09-02,202009W1,6,160,-154
2020-08-26,12782.0,12681.0,12778.0,12681.0,2020-08-26,101.0,2020-08-26 10:06:00,2020-08-26 09:19:00,2020-08-26 09:54:00,2020-08-26 09:19:00,166.4,2020,08,26,TX4,2020-08-26,202008W4,66,19,47
2020-08-19,12955.0,12780.0,12955.0,12895.0,2020-08-19,175.0,2020-08-19 09:15:00,2020-08-19 12:52:00,2020-08-19 09:15:00,2020-08-19 09:31:00,162.9,2020,08,19,TXO,2020-08-19,202008,15,232,-217
2020-08-12,12693.0,12565.0,12693.0,12565.0,2020-08-12,128.0,2020-08-12 09:09:00,2020-08-12 09:54:00,2020-08-12 09:09:00,2020-08-12 09:54:00,163.45,2020,08,12,TX2,2020-08-12,202008W2,9,54,-45
2020-08-05,12735.0,12643.0,12723.0,12656.0,2020-08-05,92.0,2020-08-05 12:31:00,2020-08-05 10:04:00,2020-08-05 09:22:00,2020-08-05 09:57:00,160.1,2020,08,05,TX1,2020-08-05,202008W1,211,64,147
2020-07-29,12543.0,12392.0,12485.0,12392.0,2020-07-29,151.0,2020-07-29 11:27:00,2020-07-29 09:37:00,2020-07-29 09:06:00,2020-07-29 09:37:00,164.6,2020,07,29,TX5,2020-07-29,202007W5,147,37,110
2020-07-22,12361.0,12256.0,12350.0,12256.0,2020-07-22,105.0,2020-07-22 11:19:00,2020-07-22 09:01:00,2020-07-22 09:15:00,2020-07-22 09:01:00,139.25,2020,07,22,TX4,2020-07-22,202007W4,139,1,138
2020-07-15,12323.0,12150.0,12323.0,12258.0,2020-07-15,173.0,2020-07-15 09:12:00,2020-07-15 11:59:00,2020-07-15 09:12:00,2020-07-15 09:25:00,129.1,2020,07,15,TXO,2020-07-15,202007,12,179,-167
2020-07-08,12145.0,12025.0,12141.0,12025.0,2020-07-08,120.0,2020-07-08 11:46:00,2020-07-08 09:01:00,2020-07-08 09:53:00,2020-07-08 09:01:00,139.15,2020,07,08,TX2,2020-07-08,202007W2,166,1,165
2020-07-01,11623.0,11494.0,11590.0,11494.0,2020-07-01,129.0,2020-07-01 12:24:00,2020-07-01 09:00:00,2020-07-01 09:46:00,2020-07-01 09:00:00,127.65,2020,07,01,TX1,2020-07-01,202007W1,204,0,204
2020-06-24,11570.0,11503.0,11570.0,11510.0,2020-06-24,67.0,2020-06-24 09:22:00,2020-06-24 11:32:00,2020-06-24 09:22:00,2020-06-24 09:46:00,133.1,2020,06,24,TX4,2020-06-24,202006W4,22,152,-130
2020-06-17,11568.0,11467.0,11548.0,11473.0,2020-06-17,101.0,2020-06-17 12:30:00,2020-06-17 10:34:00,2020-06-17 09:01:00,2020-06-17 09:34:00,141.0,2020,06,17,TXO,2020-06-17,202006,210,94,116
2020-06-10,11730.0,11596.0,11718.0,11596.0,2020-06-10,134.0,2020-06-10 10:19:00,2020-06-10 09:07:00,2020-06-10 09:58:00,2020-06-10 09:07:00,128.15,2020,06,10,TX2,2020-06-10,202006W2,79,7,72
2020-06-03,11299.0,11206.0,11268.0,11206.0,2020-06-03,93.0,2020-06-03 13:13:00,2020-06-03 09:36:00,2020-06-03 09:10:00,2020-06-03 09:36:00,129.8,2020,06,03,TX1,2020-06-03,202006W1,253,36,217
2020-05-27,11037.0,10926.0,11037.0,10968.0,2020-05-27,111.0,2020-05-27 09:02:00,2020-05-27 10:23:00,2020-05-27 09:02:00,2020-05-27 09:34:00,137.2,2020,05,27,TX4,2020-05-27,202005W4,2,83,-81
2020-05-20,10960.0,10853.0,10960.0,10898.0,2020-05-20,107.0,2020-05-20 09:49:00,2020-05-20 11:02:00,2020-05-20 09:49:00,2020-05-20 09:07:00,139.1,2020,05,20,TXO,2020-05-20,202005,49,122,-73
2020-05-13,10925.0,10806.0,10852.0,10806.0,2020-05-13,119.0,2020-05-13 12:47:00,2020-05-13 09:50:00,2020-05-13 09:28:00,2020-05-13 09:50:00,153.8,2020,05,13,TX2,2020-05-13,202005W2,227,50,177
2020-05-06,10780.0,10618.0,10780.0,10618.0,2020-05-06,162.0,2020-05-06 09:42:00,2020-05-06 09:15:00,2020-05-06 09:42:00,2020-05-06 09:15:00,163.3,2020,05,06,TX1,2020-05-06,202005W1,42,15,27
2020-04-29,10770.0,10631.0,10760.0,10631.0,2020-04-29,139.0,2020-04-29 12:06:00,2020-04-29 09:01:00,2020-04-29 09:46:00,2020-04-29 09:01:00,164.15,2020,04,29,TX5,2020-04-29,202004W5,186,1,185
2020-04-22,10215.0,10065.0,10150.0,10065.0,2020-04-22,150.0,2020-04-22 13:28:00,2020-04-22 09:06:00,2020-04-22 09:26:00,2020-04-22 09:06:00,191.35,2020,04,22,TX4,2020-04-22,202004W4,268,6,262
2020-04-15,10463.0,10353.0,10436.0,10353.0,2020-04-15,110.0,2020-04-15 12:26:00,2020-04-15 09:14:00,2020-04-15 09:55:00,2020-04-15 09:14:00,246.8,2020,04,15,TXO,2020-04-15,202004,206,14,192
2020-04-08,10135.0,9948.0,10089.0,9948.0,2020-04-08,187.0,2020-04-08 13:16:00,2020-04-08 09:01:00,2020-04-08 09:27:00,2020-04-08 09:01:00,317.85,2020,04,08,TX2,2020-04-08,202004W2,256,1,255
2020-04-01,9650.0,9555.0,9632.0,9555.0,2020-04-01,95.0,2020-04-01 10:16:00,2020-04-01 09:17:00,2020-04-01 09:00:00,2020-04-01 09:17:00,312.1,2020,04,01,TX1,2020-04-01,202004W1,76,17,59
2020-03-25,9624.0,9408.0,9624.0,9432.0,2020-03-25,216.0,2020-03-25 09:55:00,2020-03-25 12:50:00,2020-03-25 09:55:00,2020-03-25 09:00:00,292.15,2020,03,25,TX4,2020-03-25,202003W4,55,230,-175
2020-03-18,9489.0,9205.0,9489.0,9334.0,2020-03-18,284.0,2020-03-18 09:54:00,2020-03-18 12:47:00,2020-03-18 09:54:00,2020-03-18 09:30:00,232.7,2020,03,18,TXO,2020-03-18,202003,54,227,-173
2020-03-11,11029.0,10810.0,11029.0,10934.0,2020-03-11,219.0,2020-03-11 09:11:00,2020-03-11 13:26:00,2020-03-11 09:11:00,2020-03-11 09:45:00,137.55,2020,03,11,TX2,2020-03-11,202003W2,11,266,-255
2020-03-04,11369.0,11267.0,11369.0,11283.0,2020-03-04,102.0,2020-03-04 09:01:00,2020-03-04 10:16:00,2020-03-04 09:01:00,2020-03-04 09:49:00,126.4,2020,03,04,TX1,2020-03-04,202003W1,1,76,-75
2020-02-26,11482.0,11365.0,11457.0,11365.0,2020-02-26,117.0,2020-02-26 10:38:00,2020-02-26 09:04:00,2020-02-26 09:41:00,2020-02-26 09:04:00,142.35,2020,02,26,TX4,2020-02-26,202002W4,98,4,94
2020-02-19,11805.0,11637.0,11698.0,11637.0,2020-02-19,168.0,2020-02-19 12:35:00,2020-02-19 09:32:00,2020-02-19 09:59:00,2020-02-19 09:32:00,130.05,2020,02,19,TXO,2020-02-19,202002,215,32,183
2020-02-12,11797.0,11672.0,11737.0,11672.0,2020-02-12,125.0,2020-02-12 13:08:00,2020-02-12 09:00:00,2020-02-12 09:23:00,2020-02-12 09:00:00,135.0,2020,02,12,TX2,2020-02-12,202002W2,248,0,248
2020-02-05,11620.0,11474.0,11586.0,11474.0,2020-02-05,146.0,2020-02-05 10:33:00,2020-02-05 09:15:00,2020-02-05 09:56:00,2020-02-05 09:15:00,129.05,2020,02,05,TX1,2020-02-05,202002W1,93,15,78
2020-01-30,11772.0,11374.0,11772.0,11574.0,2020-01-30,398.0,2020-01-30 09:00:00,2020-01-30 13:30:00,2020-01-30 09:00:00,2020-01-30 09:15:00,103.0,2020,01,30,TX4,2020-01-30,202001W4,0,270,-270
2020-01-15,12175.0,12058.0,12175.0,12136.0,2020-01-15,117.0,2020-01-15 09:11:00,2020-01-15 13:10:00,2020-01-15 09:11:00,2020-01-15 09:34:00,86.95,2020,01,15,TXO,2020-01-15,202001,11,250,-239
2020-01-08,11892.0,11762.0,11820.0,11762.0,2020-01-08,130.0,2020-01-08 10:46:00,2020-01-08 09:03:00,2020-01-08 09:08:00,2020-01-08 09:03:00,89.3,2020,01,08,TX2,2020-01-08,202001W2,106,3,103
2020-01-02,12120.0,12023.0,12073.0,12023.0,2020-01-02,97.0,2020-01-02 12:16:00,2020-01-02 09:23:00,2020-01-02 09:03:00,2020-01-02 09:23:00,73.8,2020,01,02,TX1,2020-01-02,202001W1,196,23,173
2019-12-25,12027.0,11978.0,12012.0,11978.0,2019-12-25,49.0,2019-12-25 13:24:00,2019-12-25 09:02:00,2019-12-25 09:17:00,2019-12-25 09:02:00,78.85,2019,12,25,TX4,2019-12-25,201912W4,264,2,262
2019-12-18,12129.0,12065.0,12094.0,12065.0,2019-12-18,64.0,2019-12-18 12:25:00,2019-12-18 09:01:00,2019-12-18 09:35:00,2019-12-18 09:01:00,78.65,2019,12,18,TXO,2019-12-18,201912,205,1,204
2019-12-11,11695.0,11604.0,11646.0,11604.0,2019-12-11,91.0,2019-12-11 12:34:00,2019-12-11 09:00:00,2019-12-11 09:55:00,2019-12-11 09:00:00,71.5,2019,12,11,TX2,2019-12-11,201912W2,214,0,214
2019-12-04,11500.0,11443.0,11500.0,11460.0,2019-12-04,57.0,2019-12-04 09:37:00,2019-12-04 11:13:00,2019-12-04 09:37:00,2019-12-04 09:17:00,73.8,2019,12,04,TX1,2019-12-04,201912W1,37,133,-96
2019-11-27,11651.0,11596.0,11627.0,11596.0,2019-11-27,55.0,2019-11-27 13:27:00,2019-11-27 09:40:00,2019-11-27 09:08:00,2019-11-27 09:40:00,72.8,2019,11,27,TX4,2019-11-27,201911W4,267,40,227
2019-11-20,11642.0,11594.0,11642.0,11600.0,2019-11-20,48.0,2019-11-20 09:01:00,2019-11-20 12:00:00,2019-11-20 09:01:00,2019-11-20 09:31:00,70.55,2019,11,20,TXO,2019-11-20,201911,1,180,-179
2019-11-13,11494.0,11428.0,11494.0,11435.0,2019-11-13,66.0,2019-11-13 09:30:00,2019-11-13 10:06:00,2019-11-13 09:30:00,2019-11-13 09:59:00,69.15,2019,11,13,TX2,2019-11-13,201911W2,30,66,-36
2019-11-06,11675.0,11600.0,11651.0,11618.0,2019-11-06,75.0,2019-11-06 13:06:00,2019-11-06 10:41:00,2019-11-06 09:54:00,2019-11-06 09:09:00,61.95,2019,11,06,TX1,2019-11-06,201911W1,246,101,145
2019-10-30,11351.0,11295.0,11323.0,11295.0,2019-10-30,56.0,2019-10-30 13:03:00,2019-10-30 09:06:00,2019-10-30 09:32:00,2019-10-30 09:06:00,59.95,2019,10,30,TX5,2019-10-30,201910W5,243,6,237
2019-10-23,11254.0,11182.0,11254.0,11228.0,2019-10-23,72.0,2019-10-23 09:36:00,2019-10-23 12:13:00,2019-10-23 09:36:00,2019-10-23 09:54:00,63.2,2019,10,23,TX4,2019-10-23,201910W4,36,193,-157
2019-10-16,11171.0,11130.0,11169.0,11130.0,2019-10-16,41.0,2019-10-16 10:42:00,2019-10-16 09:37:00,2019-10-16 09:01:00,2019-10-16 09:37:00,63.85,2019,10,16,TXO,2019-10-16,201910,102,37,65
2019-10-09,10969.0,10895.0,10969.0,10933.0,2019-10-09,74.0,2019-10-09 09:26:00,2019-10-09 13:30:00,2019-10-09 09:26:00,2019-10-09 09:46:00,66.55,2019,10,09,TX2,2019-10-09,201910W2,26,270,-244
2019-10-02,10948.0,10919.0,10944.0,10919.0,2019-10-02,29.0,2019-10-02 10:43:00,2019-10-02 09:01:00,2019-10-02 09:52:00,2019-10-02 09:01:00,64.55,2019,10,02,TX1,2019-10-02,201910W1,103,1,102
2019-09-25,10871.0,10805.0,10871.0,10822.0,2019-09-25,66.0,2019-09-25 09:20:00,2019-09-25 10:08:00,2019-09-25 09:20:00,2019-09-25 09:58:00,61.95,2019,09,25,TX4,2019-09-25,201909W4,20,68,-48
2019-09-18,10963.0,10884.0,10920.0,10884.0,2019-09-18,79.0,2019-09-18 13:08:00,2019-09-18 09:06:00,2019-09-18 09:59:00,2019-09-18 09:06:00,61.9,2019,09,18,TXO,2019-09-18,201909,248,6,242
2019-09-11,10808.0,10751.0,10808.0,10764.0,2019-09-11,57.0,2019-09-11 09:07:00,2019-09-11 10:17:00,2019-09-11 09:07:00,2019-09-11 09:53:00,64.05,2019,09,11,TX2,2019-09-11,201909W2,7,77,-70
2019-09-04,10657.0,10570.0,10626.0,10570.0,2019-09-04,87.0,2019-09-04 13:22:00,2019-09-04 09:00:00,2019-09-04 09:59:00,2019-09-04 09:00:00,71.4,2019,09,04,TX1,2019-09-04,201909W1,262,0,262
2019-08-28,10438.0,10393.0,10438.0,10397.0,2019-08-28,45.0,2019-08-28 09:31:00,2019-08-28 11:10:00,2019-08-28 09:31:00,2019-08-28 09:14:00,83.3,2019,08,28,TX4,2019-08-28,201908W4,31,130,-99
2019-08-21,10544.0,10510.0,10535.0,10510.0,2019-08-21,34.0,2019-08-21 13:00:00,2019-08-21 09:01:00,2019-08-21 09:12:00,2019-08-21 09:01:00,81.2,2019,08,21,TXO,2019-08-21,201908,240,1,239
2019-08-14,10492.0,10418.0,10492.0,10457.0,2019-08-14,74.0,2019-08-14 09:16:00,2019-08-14 13:30:00,2019-08-14 09:16:00,2019-08-14 09:00:00,76.5,2019,08,14,TX2,2019-08-14,201908W2,16,270,-254
2019-08-07,10375.0,10301.0,10375.0,10306.0,2019-08-07,74.0,2019-08-07 09:05:00,2019-08-07 10:43:00,2019-08-07 09:05:00,2019-08-07 09:41:00,72.2,2019,08,07,TX1,2019-08-07,201908W1,5,103,-98
2019-07-31,10743.0,10674.0,10739.0,10711.0,2019-07-31,69.0,2019-07-31 12:21:00,2019-07-31 10:31:00,2019-07-31 09:43:00,2019-07-31 09:13:00,57.7,2019,07,31,TX5,2019-07-31,201907W5,201,91,110
2019-07-24,10835.0,10792.0,10835.0,10811.0,2019-07-24,43.0,2019-07-24 09:01:00,2019-07-24 13:18:00,2019-07-24 09:01:00,2019-07-24 09:28:00,61.7,2019,07,24,TX4,2019-07-24,201907W4,1,258,-257
2019-07-17,10855.0,10805.0,10852.0,10816.0,2019-07-17,50.0,2019-07-17 12:58:00,2019-07-17 11:09:00,2019-07-17 09:45:00,2019-07-17 09:07:00,68.1,2019,07,17,TXO,2019-07-17,201907,238,129,109
2019-07-10,10741.0,10689.0,10733.0,10693.0,2019-07-10,52.0,2019-07-10 13:19:00,2019-07-10 10:01:00,2019-07-10 09:16:00,2019-07-10 09:58:00,72.95,2019,07,10,TX2,2019-07-10,201907W2,259,61,198
2019-07-03,10718.0,10623.0,10718.0,10665.0,2019-07-03,95.0,2019-07-03 09:19:00,2019-07-03 12:44:00,2019-07-03 09:19:00,2019-07-03 09:41:00,76.3,2019,07,03,TX1,2019-07-03,201907W1,19,224,-205
2019-06-26,10541.0,10499.0,10541.0,10502.0,2019-06-26,42.0,2019-06-26 09:07:00,2019-06-26 12:13:00,2019-06-26 09:07:00,2019-06-26 09:47:00,83.2,2019,06,26,TX4,2019-06-26,201906W4,7,193,-186
2019-06-19,10800.0,10672.0,10727.0,10672.0,2019-06-19,128.0,2019-06-19 13:01:00,2019-06-19 09:03:00,2019-06-19 09:36:00,2019-06-19 09:03:00,83.7,2019,06,19,TXO,2019-06-19,201906,241,3,238
2019-06-12,10611.0,10564.0,10605.0,10564.0,2019-06-12,47.0,2019-06-12 13:05:00,2019-06-12 09:40:00,2019-06-12 09:25:00,2019-06-12 09:40:00,89.7,2019,06,12,TX2,2019-06-12,201906W2,245,40,205
2019-06-05,10510.0,10439.0,10510.0,10454.0,2019-06-05,71.0,2019-06-05 09:02:00,2019-06-05 13:02:00,2019-06-05 09:02:00,2019-06-05 09:53:00,107.6,2019,06,05,TX1,2019-06-05,201906W1,2,242,-240
2019-05-29,10295.0,10228.0,10289.0,10228.0,2019-05-29,67.0,2019-05-29 10:27:00,2019-05-29 09:03:00,2019-05-29 09:35:00,2019-05-29 09:03:00,104.7,2019,05,29,TX5,2019-05-29,201905W5,87,3,84
2019-05-22,10515.0,10453.0,10509.0,10453.0,2019-05-22,62.0,2019-05-22 10:14:00,2019-05-22 09:00:00,2019-05-22 09:28:00,2019-05-22 09:00:00,104.15,2019,05,22,TX4,2019-05-22,201905W4,74,0,74
2019-05-15,10609.0,10518.0,10593.0,10518.0,2019-05-15,91.0,2019-05-15 12:13:00,2019-05-15 09:00:00,2019-05-15 09:51:00,2019-05-15 09:00:00,98.95,2019,05,15,TXO,2019-05-15,201905,193,0,193
2019-05-08,10943.0,10854.0,10925.0,10854.0,2019-05-08,89.0,2019-05-08 10:52:00,2019-05-08 09:03:00,2019-05-08 09:45:00,2019-05-08 09:03:00,78.1,2019,05,08,TX2,2019-05-08,201905W2,112,3,109
2019-05-02,11033.0,10963.0,11033.0,10965.0,2019-05-02,70.0,2019-05-02 09:28:00,2019-05-02 10:31:00,2019-05-02 09:28:00,2019-05-02 09:00:00,68.8,2019,05,02,TX1,2019-05-02,201905W1,28,91,-63
2019-04-24,11055.0,10970.0,11055.0,11022.0,2019-04-24,85.0,2019-04-24 09:01:00,2019-04-24 12:44:00,2019-04-24 09:01:00,2019-04-24 09:47:00,67.55,2019,04,24,TX4,2019-04-24,201904W4,1,224,-223
2019-04-17,11010.0,10958.0,10988.0,10958.0,2019-04-17,52.0,2019-04-17 13:02:00,2019-04-17 09:00:00,2019-04-17 09:09:00,2019-04-17 09:00:00,61.6,2019,04,17,TXO,2019-04-17,201904,242,0,242
2019-04-10,10869.0,10812.0,10842.0,10812.0,2019-04-10,57.0,2019-04-10 13:16:00,2019-04-10 09:49:00,2019-04-10 09:32:00,2019-04-10 09:49:00,61.5,2019,04,10,TX2,2019-04-10,201904W2,256,49,207
2019-04-03,10728.0,10671.0,10728.0,10677.0,2019-04-03,57.0,2019-04-03 09:02:00,2019-04-03 10:03:00,2019-04-03 09:02:00,2019-04-03 09:55:00,64.1,2019,04,03,TX1,2019-04-03,201904W1,2,63,-61
2019-03-27,10533.0,10473.0,10515.0,10473.0,2019-03-27,60.0,2019-03-27 12:31:00,2019-03-27 09:16:00,2019-03-27 09:49:00,2019-03-27 09:16:00,62.75,2019,03,27,TX4,2019-03-27,201903W4,211,16,195
2019-03-20,10549.0,10500.0,10526.0,10502.0,2019-03-20,49.0,2019-03-20 13:03:00,2019-03-20 10:15:00,2019-03-20 09:27:00,2019-03-20 09:54:00,61.55,2019,03,20,TXO,2019-03-20,201903,243,75,168
2019-03-13,10354.0,10305.0,10345.0,10311.0,2019-03-13,49.0,2019-03-13 12:31:00,2019-03-13 10:33:00,2019-03-13 09:05:00,2019-03-13 09:40:00,66.9,2019,03,13,TX2,2019-03-13,201903W2,211,93,118
2019-03-06,10333.0,10291.0,10327.0,10291.0,2019-03-06,42.0,2019-03-06 10:39:00,2019-03-06 09:00:00,2019-03-06 09:38:00,2019-03-06 09:00:00,64.75,2019,03,06,TX1,2019-03-06,201903W1,99,0,99
2019-02-27,10383.0,10325.0,10383.0,10325.0,2019-02-27,58.0,2019-02-27 09:00:00,2019-02-27 09:21:00,2019-02-27 09:00:00,2019-02-27 09:21:00,63.35,2019,02,27,TX4,2019-02-27,201902W4,0,21,-21
2019-02-20,10262.0,10196.0,10262.0,10196.0,2019-02-20,66.0,2019-02-20 09:45:00,2019-02-20 09:00:00,2019-02-20 09:45:00,2019-02-20 09:00:00,68.1,2019,02,20,TXO,2019-02-20,201902,45,0,45
2019-02-13,10121.0,10055.0,10121.0,10066.0,2019-02-13,66.0,2019-02-13 09:04:00,2019-02-13 10:22:00,2019-02-13 09:04:00,2019-02-13 09:30:00,73.55,2019,02,13,TX2,2019-02-13,201902W2,4,82,-78
2019-02-11,10067.0,9966.0,10067.0,9966.0,2019-02-11,101.0,2019-02-11 09:10:00,2019-02-11 09:51:00,2019-02-11 09:10:00,2019-02-11 09:51:00,77.2,2019,02,11,TX1,2019-02-11,201902W1,10,51,-41
2019-01-30,9956.0,9896.0,9922.0,9896.0,2019-01-30,60.0,2019-01-30 11:23:00,2019-01-30 09:30:00,2019-01-30 09:05:00,2019-01-30 09:30:00,83.85,2019,01,30,TX5,2019-01-30,201901W5,143,30,113
2019-01-23,9860.0,9807.0,9860.0,9808.0,2019-01-23,53.0,2019-01-23 09:46:00,2019-01-23 13:03:00,2019-01-23 09:46:00,2019-01-23 09:03:00,87.15,2019,01,23,TX4,2019-01-23,201901W4,46,243,-197
2019-01-16,9804.0,9755.0,9802.0,9755.0,2019-01-16,49.0,2019-01-16 10:33:00,2019-01-16 09:36:00,2019-01-16 09:12:00,2019-01-16 09:36:00,87.45,2019,01,16,TXO,2019-01-16,201901,93,36,57
2019-01-09,9755.0,9602.0,9710.0,9602.0,2019-01-09,153.0,2019-01-09 12:54:00,2019-01-09 09:01:00,2019-01-09 09:59:00,2019-01-09 09:01:00,92.7,2019,01,09,TX2,2019-01-09,201901W2,234,1,233
2019-01-02,9740.0,9506.0,9740.0,9589.0,2019-01-02,234.0,2019-01-02 09:00:00,2019-01-02 12:39:00,2019-01-02 09:00:00,2019-01-02 09:58:00,91.45,2019,01,02,TX1,2019-01-02,201901W1,0,219,-219
2018-12-26,9555.0,9438.0,9555.0,9516.0,2018-12-26,117.0,2018-12-26 09:11:00,2018-12-26 13:20:00,2018-12-26 09:11:00,2018-12-26 09:50:00,87.55,2018,12,26,TX4,2018-12-26,201812W4,11,260,-249
2018-12-19,9778.0,9728.0,9765.0,9728.0,2018-12-19,50.0,2018-12-19 12:37:00,2018-12-19 09:36:00,2018-12-19 09:57:00,2018-12-19 09:36:00,101.25,2018,12,19,TXO,2018-12-19,201812,217,36,181
2018-12-12,9827.0,9725.0,9777.0,9725.0,2018-12-12,102.0,2018-12-12 13:04:00,2018-12-12 09:15:00,2018-12-12 09:00:00,2018-12-12 09:15:00,107.5,2018,12,12,TX2,2018-12-12,201812W2,244,15,229
2018-12-05,9946.0,9863.0,9932.0,9863.0,2018-12-05,83.0,2018-12-05 10:05:00,2018-12-05 09:16:00,2018-12-05 09:58:00,2018-12-05 09:16:00,112.6,2018,12,05,TX1,2018-12-05,201812W1,65,16,49
2018-11-28,9880.0,9732.0,9782.0,9735.0,2018-11-28,148.0,2018-11-28 13:16:00,2018-11-28 10:01:00,2018-11-28 09:11:00,2018-11-28 09:59:00,112.45,2018,11,28,TX4,2018-11-28,201811W4,256,61,195
2018-11-21,9760.0,9624.0,9701.0,9624.0,2018-11-21,136.0,2018-11-21 12:59:00,2018-11-21 09:10:00,2018-11-21 09:52:00,2018-11-21 09:10:00,115.85,2018,11,21,TXO,2018-11-21,201811,239,10,229
2018-11-14,9798.0,9731.0,9798.0,9746.0,2018-11-14,67.0,2018-11-14 09:16:00,2018-11-14 10:26:00,2018-11-14 09:16:00,2018-11-14 09:46:00,127.3,2018,11,14,TX2,2018-11-14,201811W2,16,86,-70
2018-11-07,9890.0,9796.0,9864.0,9796.0,2018-11-07,94.0,2018-11-07 11:42:00,2018-11-07 09:01:00,2018-11-07 09:23:00,2018-11-07 09:01:00,146.75,2018,11,07,TX1,2018-11-07,201811W1,162,1,161
2018-10-31,9725.0,9603.0,9700.0,9603.0,2018-10-31,122.0,2018-10-31 13:30:00,2018-10-31 09:00:00,2018-10-31 09:54:00,2018-10-31 09:00:00,151.65,2018,10,31,TX5,2018-10-31,201810W5,270,0,270
2018-10-24,9791.0,9623.0,9763.0,9623.0,2018-10-24,168.0,2018-10-24 12:22:00,2018-10-24 09:27:00,2018-10-24 09:00:00,2018-10-24 09:27:00,138.8,2018,10,24,TX4,2018-10-24,201810W4,202,27,175
2018-10-17,10114.0,9987.0,10114.0,10045.0,2018-10-17,127.0,2018-10-17 09:02:00,2018-10-17 13:10:00,2018-10-17 09:02:00,2018-10-17 09:44:00,119.9,2018,10,17,TXO,2018-10-17,201810,2,250,-248
2018-10-11,9997.0,9666.0,9997.0,9817.0,2018-10-11,331.0,2018-10-11 09:01:00,2018-10-11 13:29:00,2018-10-11 09:01:00,2018-10-11 09:58:00,102.75,2018,10,11,TX2,2018-10-11,201810W2,1,269,-268
2018-10-03,10914.0,10845.0,10895.0,10856.0,2018-10-03,69.0,2018-10-03 10:28:00,2018-10-03 12:14:00,2018-10-03 09:37:00,2018-10-03 09:13:00,83.3,2018,10,03,TX1,2018-10-03,201810W1,88,194,-106
2018-09-26,10991.0,10949.0,10991.0,10951.0,2018-09-26,42.0,2018-09-26 09:29:00,2018-09-26 13:03:00,2018-09-26 09:29:00,2018-09-26 09:49:00,83.25,2018,09,26,TX4,2018-09-26,201809W4,29,243,-214
2018-09-19,10875.0,10819.0,10850.0,10819.0,2018-09-19,56.0,2018-09-19 13:01:00,2018-09-19 09:29:00,2018-09-19 09:41:00,2018-09-19 09:29:00,82.45,2018,09,19,TXO,2018-09-19,201809,241,29,212
2018-09-12,10762.0,10687.0,10762.0,10702.0,2018-09-12,75.0,2018-09-12 09:01:00,2018-09-12 12:31:00,2018-09-12 09:01:00,2018-09-12 09:51:00,86.35,2018,09,12,TX2,2018-09-12,201809W2,1,211,-210
2018-09-05,11021.0,10956.0,11021.0,10964.0,2018-09-05,65.0,2018-09-05 09:33:00,2018-09-05 13:06:00,2018-09-05 09:33:00,2018-09-05 09:07:00,89.25,2018,09,05,TX1,2018-09-05,201809W1,33,246,-213
2018-08-29,11048.0,10984.0,11025.0,10984.0,2018-08-29,64.0,2018-08-29 13:29:00,2018-08-29 09:00:00,2018-08-29 09:59:00,2018-08-29 09:00:00,88.5,2018,08,29,TX5,2018-08-29,201808W5,269,0,269
2018-08-22,10795.0,10733.0,10791.0,10733.0,2018-08-22,62.0,2018-08-22 11:46:00,2018-08-22 09:56:00,2018-08-22 09:13:00,2018-08-22 09:56:00,86.7,2018,08,22,TX4,2018-08-22,201808W4,166,56,110
2018-08-15,10822.0,10696.0,10822.0,10752.0,2018-08-15,126.0,2018-08-15 09:00:00,2018-08-15 12:19:00,2018-08-15 09:00:00,2018-08-15 09:55:00,82.55,2018,08,15,TXO,2018-08-15,201808,0,199,-199
2018-08-08,11070.0,11010.0,11065.0,11010.0,2018-08-08,60.0,2018-08-08 10:47:00,2018-08-08 09:00:00,2018-08-08 09:37:00,2018-08-08 09:00:00,76.75,2018,08,08,TX2,2018-08-08,201808W2,107,0,107
2018-08-01,11057.0,11010.0,11043.0,11010.0,2018-08-01,47.0,2018-08-01 13:26:00,2018-08-01 09:31:00,2018-08-01 09:15:00,2018-08-01 09:31:00,80.35,2018,08,01,TX1,2018-08-01,201808W1,266,31,235
2018-07-25,10892.0,10851.0,10888.0,10851.0,2018-07-25,41.0,2018-07-25 10:26:00,2018-07-25 09:04:00,2018-07-25 09:22:00,2018-07-25 09:04:00,93.1,2018,07,25,TX4,2018-07-25,201807W4,86,4,82
2018-07-18,10872.0,10791.0,10840.0,10815.0,2018-07-18,81.0,2018-07-18 10:47:00,2018-07-18 12:10:00,2018-07-18 09:23:00,2018-07-18 09:29:00,96.25,2018,07,18,TXO,2018-07-18,201807,107,190,-83
2018-07-11,10656.0,10574.0,10617.0,10574.0,2018-07-11,82.0,2018-07-11 10:46:00,2018-07-11 09:36:00,2018-07-11 09:00:00,2018-07-11 09:36:00,97.95,2018,07,11,TX2,2018-07-11,201807W2,106,36,70
2018-07-04,10639.0,10584.0,10639.0,10591.0,2018-07-04,55.0,2018-07-04 09:39:00,2018-07-04 11:18:00,2018-07-04 09:39:00,2018-07-04 09:09:00,96.25,2018,07,04,TX1,2018-07-04,201807W1,39,138,-99
2018-06-27,10625.0,10538.0,10625.0,10577.0,2018-06-27,87.0,2018-06-27 09:16:00,2018-06-27 13:29:00,2018-06-27 09:16:00,2018-06-27 09:47:00,86.7,2018,06,27,TX4,2018-06-27,201806W4,16,269,-253
2018-06-20,10951.0,10850.0,10908.0,10850.0,2018-06-20,101.0,2018-06-20 12:31:00,2018-06-20 09:31:00,2018-06-20 09:01:00,2018-06-20 09:31:00,84.25,2018,06,20,TXO,2018-06-20,201806,211,31,180
2018-06-13,11169.0,11095.0,11169.0,11113.0,2018-06-13,74.0,2018-06-13 09:07:00,2018-06-13 10:06:00,2018-06-13 09:07:00,2018-06-13 09:56:00,81.9,2018,06,13,TX2,2018-06-13,201806W2,7,66,-59
2018-06-06,11210.0,11090.0,11148.0,11090.0,2018-06-06,120.0,2018-06-06 13:10:00,2018-06-06 09:11:00,2018-06-06 09:48:00,2018-06-06 09:11:00,77.65,2018,06,06,TX1,2018-06-06,201806W1,250,11,239
2018-05-30,10848.0,10761.0,10848.0,10805.0,2018-05-30,87.0,2018-05-30 09:01:00,2018-05-30 11:16:00,2018-05-30 09:01:00,2018-05-30 09:20:00,75.65,2018,05,30,TX5,2018-05-30,201805W5,1,136,-135
2018-05-23,10968.0,10856.0,10968.0,10894.0,2018-05-23,112.0,2018-05-23 09:01:00,2018-05-23 12:00:00,2018-05-23 09:01:00,2018-05-23 09:40:00,83.65,2018,05,23,TX4,2018-05-23,201805W4,1,180,-179
2018-05-16,10907.0,10855.0,10907.0,10855.0,2018-05-16,52.0,2018-05-16 09:31:00,2018-05-16 09:00:00,2018-05-16 09:31:00,2018-05-16 09:00:00,85.7,2018,05,16,TXO,2018-05-16,201805,31,0,31
2018-05-09,10731.0,10668.0,10731.0,10668.0,2018-05-09,63.0,2018-05-09 09:21:00,2018-05-09 09:51:00,2018-05-09 09:21:00,2018-05-09 09:51:00,91.85,2018,05,09,TX2,2018-05-09,201805W2,21,51,-30
2018-05-02,10670.0,10597.0,10670.0,10619.0,2018-05-02,73.0,2018-05-02 09:03:00,2018-05-02 13:16:00,2018-05-02 09:03:00,2018-05-02 09:15:00,95.35,2018,05,02,TX1,2018-05-02,201805W1,3,256,-253
2018-04-25,10558.0,10468.0,10551.0,10478.0,2018-04-25,90.0,2018-04-25 12:36:00,2018-04-25 10:14:00,2018-04-25 09:20:00,2018-04-25 09:02:00,90.8,2018,04,25,TX4,2018-04-25,201804W4,216,74,142
2018-04-18,10909.0,10789.0,10909.0,10848.0,2018-04-18,120.0,2018-04-18 09:46:00,2018-04-18 11:49:00,2018-04-18 09:46:00,2018-04-18 09:00:00,91.65,2018,04,18,TXO,2018-04-18,201804,46,169,-123
2018-04-11,11007.0,10955.0,11007.0,10963.0,2018-04-11,52.0,2018-04-11 09:21:00,2018-04-11 10:25:00,2018-04-11 09:21:00,2018-04-11 09:51:00,87.5,2018,04,11,TX2,2018-04-11,201804W2,21,85,-64
2018-04-09,10911.0,10813.0,10892.0,10826.0,2018-04-09,98.0,2018-04-09 13:11:00,2018-04-09 10:22:00,2018-04-09 09:01:00,2018-04-09 09:32:00,85.05,2018,04,09,TX1,2018-04-09,201804W1,251,82,169
2018-03-28,10910.0,10809.0,10910.0,10857.0,2018-03-28,101.0,2018-03-28 09:51:00,2018-03-28 13:29:00,2018-03-28 09:51:00,2018-03-28 09:34:00,93.55,2018,03,28,TX4,2018-03-28,201803W4,51,269,-218
2018-03-21,11073.0,11011.0,11073.0,11013.0,2018-03-21,62.0,2018-03-21 09:31:00,2018-03-21 10:00:00,2018-03-21 09:31:00,2018-03-21 09:59:00,90.4,2018,03,21,TXO,2018-03-21,201803,31,60,-29
2018-03-14,11066.0,11003.0,11066.0,11027.0,2018-03-14,63.0,2018-03-14 09:32:00,2018-03-14 11:22:00,2018-03-14 09:32:00,2018-03-14 09:14:00,116.1,2018,03,14,TX2,2018-03-14,201803W2,32,142,-110
2018-03-07,10817.0,10706.0,10800.0,10723.0,2018-03-07,111.0,2018-03-07 10:01:00,2018-03-07 13:17:00,2018-03-07 09:45:00,2018-03-07 09:00:00,123.55,2018,03,07,TX1,2018-03-07,201803W1,61,257,-196
2018-03-01,10778.0,10657.0,10738.0,10657.0,2018-03-01,121.0,2018-03-01 13:01:00,2018-03-01 09:00:00,2018-03-01 09:55:00,2018-03-01 09:00:00,123.85,2018,03,01,TX4,2018-03-01,201802W4,241,0,241
2018-02-21,10718.0,10591.0,10660.0,10591.0,2018-02-21,127.0,2018-02-21 13:01:00,2018-02-21 09:15:00,2018-02-21 09:47:00,2018-02-21 09:15:00,122.15,2018,02,21,TXO,2018-02-21,201802,241,15,226
2018-02-07,10669.0,10516.0,10640.0,10553.0,2018-02-07,153.0,2018-02-07 10:11:00,2018-02-07 13:30:00,2018-02-07 09:44:00,2018-02-07 09:08:00,110.35,2018,02,07,TX1,2018-02-07,201802W1,71,270,-199
2018-01-31,11144.0,11017.0,11095.0,11017.0,2018-01-31,127.0,2018-01-31 13:06:00,2018-01-31 09:16:00,2018-01-31 09:49:00,2018-01-31 09:16:00,85.45,2018,01,31,TX5,2018-01-31,201801W5,246,16,230
2018-01-24,11188.0,11090.0,11188.0,11116.0,2018-01-24,98.0,2018-01-24 09:13:00,2018-01-24 10:39:00,2018-01-24 09:13:00,2018-01-24 09:53:00,73.65,2018,01,24,TX4,2018-01-24,201801W4,13,99,-86
2018-01-17,11024.0,10940.0,10972.0,10940.0,2018-01-17,84.0,2018-01-17 13:13:00,2018-01-17 09:05:00,2018-01-17 09:22:00,2018-01-17 09:05:00,68.7,2018,01,17,TXO,2018-01-17,201801,253,5,248
2018-01-10,10904.0,10806.0,10904.0,10855.0,2018-01-10,98.0,2018-01-10 09:02:00,2018-01-10 11:09:00,2018-01-10 09:02:00,2018-01-10 09:54:00,68.95,2018,01,10,TX2,2018-01-10,201801W2,2,129,-127
2018-01-03,10797.0,10742.0,10797.0,10742.0,2018-01-03,55.0,2018-01-03 09:56:00,2018-01-03 09:00:00,2018-01-03 09:56:00,2018-01-03 09:00:00,77.3,2018,01,03,TX1,2018-01-03,201801W1,56,0,56
2017-12-27,10485.0,10398.0,10466.0,10398.0,2017-12-27,87.0,2017-12-27 11:54:00,2017-12-27 09:00:00,2017-12-27 09:34:00,2017-12-27 09:00:00,84.7,2017,12,27,TX4,2017-12-27,201712W4,174,0,174
2017-12-20,10509.0,10457.0,10508.0,10457.0,2017-12-20,52.0,2017-12-20 12:18:00,2017-12-20 09:15:00,2017-12-20 09:46:00,2017-12-20 09:15:00,80.25,2017,12,20,TXO,2017-12-20,201712,198,15,183
2017-12-13,10475.0,10422.0,10475.0,10422.0,2017-12-13,53.0,2017-12-13 09:19:00,2017-12-13 09:00:00,2017-12-13 09:19:00,2017-12-13 09:00:00,78.7,2017,12,13,TX2,2017-12-13,201712W2,19,0,19
2017-12-06,10549.0,10375.0,10549.0,10505.0,2017-12-06,174.0,2017-12-06 09:02:00,2017-12-06 12:35:00,2017-12-06 09:02:00,2017-12-06 09:23:00,77.45,2017,12,06,TX1,2017-12-06,201712W1,2,215,-213
2017-11-29,10763.0,10708.0,10763.0,10718.0,2017-11-29,55.0,2017-11-29 09:23:00,2017-11-29 11:21:00,2017-11-29 09:23:00,2017-11-29 09:57:00,60.85,2017,11,29,TX5,2017-11-29,201711W5,23,141,-118
2017-11-22,10877.0,10807.0,10846.0,10807.0,2017-11-22,70.0,2017-11-22 10:43:00,2017-11-22 09:18:00,2017-11-22 09:59:00,2017-11-22 09:18:00,65.7,2017,11,22,TX4,2017-11-22,201711W4,103,18,85
2017-11-15,10658.0,10602.0,10658.0,10625.0,2017-11-15,56.0,2017-11-15 09:04:00,2017-11-15 11:54:00,2017-11-15 09:04:00,2017-11-15 09:18:00,64.4,2017,11,15,TXO,2017-11-15,201711,4,174,-170
2017-11-08,10824.0,10796.0,10815.0,10796.0,2017-11-08,28.0,2017-11-08 10:27:00,2017-11-08 09:05:00,2017-11-08 09:17:00,2017-11-08 09:05:00,61.35,2017,11,08,TX2,2017-11-08,201711W2,87,5,82
2017-11-01,10824.0,10775.0,10824.0,10787.0,2017-11-01,49.0,2017-11-01 09:00:00,2017-11-01 11:51:00,2017-11-01 09:00:00,2017-11-01 09:30:00,65.0,2017,11,01,TX1,2017-11-01,201711W1,0,171,-171
2017-10-25,10782.0,10728.0,10782.0,10734.0,2017-10-25,54.0,2017-10-25 09:31:00,2017-10-25 13:11:00,2017-10-25 09:31:00,2017-10-25 09:58:00,62.7,2017,10,25,TX4,2017-10-25,201710W4,31,251,-220
2017-10-18,10783.0,10686.0,10783.0,10698.0,2017-10-18,97.0,2017-10-18 09:04:00,2017-10-18 11:28:00,2017-10-18 09:04:00,2017-10-18 09:56:00,75.55,2017,10,18,TXO,2017-10-18,201710,4,148,-144
2017-10-11,10648.0,10565.0,10648.0,10579.0,2017-10-11,83.0,2017-10-11 09:43:00,2017-10-11 11:24:00,2017-10-11 09:43:00,2017-10-11 09:00:00,77.45,2017,10,11,TX2,2017-10-11,201710W2,43,144,-101
2017-10-05,10519.0,10444.0,10503.0,10444.0,2017-10-05,75.0,2017-10-05 10:20:00,2017-10-05 09:00:00,2017-10-05 09:51:00,2017-10-05 09:00:00,79.8,2017,10,05,TX1,2017-10-05,201710W1,80,0,80
2017-09-27,10340.0,10290.0,10339.0,10290.0,2017-09-27,50.0,2017-09-27 10:06:00,2017-09-27 09:23:00,2017-09-27 09:54:00,2017-09-27 09:23:00,80.25,2017,09,27,TX4,2017-09-27,201709W4,66,23,43
2017-09-20,10585.0,10490.0,10585.0,10519.0,2017-09-20,95.0,2017-09-20 09:09:00,2017-09-20 12:58:00,2017-09-20 09:09:00,2017-09-20 09:26:00,69.25,2017,09,20,TXO,2017-09-20,201709,9,238,-229
2017-09-13,10603.0,10510.0,10603.0,10542.0,2017-09-13,93.0,2017-09-13 09:04:00,2017-09-13 10:15:00,2017-09-13 09:04:00,2017-09-13 09:58:00,66.5,2017,09,13,TX2,2017-09-13,201709W2,4,75,-71
2017-09-06,10570.0,10483.0,10570.0,10526.0,2017-09-06,87.0,2017-09-06 09:34:00,2017-09-06 11:13:00,2017-09-06 09:34:00,2017-09-06 09:12:00,72.4,2017,09,06,TX1,2017-09-06,201709W1,34,133,-99
2017-08-30,10552.0,10493.0,10552.0,10493.0,2017-08-30,59.0,2017-08-30 09:19:00,2017-08-30 09:58:00,2017-08-30 09:19:00,2017-08-30 09:58:00,73.55,2017,08,30,TX5,2017-08-30,201708W5,19,58,-39
2017-08-23,10414.0,10341.0,10414.0,10363.0,2017-08-23,73.0,2017-08-23 09:19:00,2017-08-23 13:20:00,2017-08-23 09:19:00,2017-08-23 09:54:00,75.1,2017,08,23,TX4,2017-08-23,201708W4,19,260,-241
2017-08-16,10319.0,10235.0,10317.0,10272.0,2017-08-16,84.0,2017-08-16 11:56:00,2017-08-16 12:56:00,2017-08-16 09:55:00,2017-08-16 09:01:00,74.25,2017,08,16,TXO,2017-08-16,201708,176,236,-60
2017-08-09,10497.0,10436.0,10497.0,10454.0,2017-08-09,61.0,2017-08-09 09:27:00,2017-08-09 13:09:00,2017-08-09 09:27:00,2017-08-09 09:01:00,62.3,2017,08,09,TX2,2017-08-09,201708W2,27,249,-222
2017-08-02,10471.0,10424.0,10463.0,10424.0,2017-08-02,47.0,2017-08-02 11:49:00,2017-08-02 09:00:00,2017-08-02 09:10:00,2017-08-02 09:00:00,62.8,2017,08,02,TX1,2017-08-02,201708W1,169,0,169
2017-07-26,10421.0,10320.0,10421.0,10368.0,2017-07-26,101.0,2017-07-26 09:22:00,2017-07-26 13:06:00,2017-07-26 09:22:00,2017-07-26 09:59:00,67.9,2017,07,26,TX4,2017-07-26,201707W4,22,246,-224
2017-07-19,10541.0,10476.0,10522.0,10476.0,2017-07-19,65.0,2017-07-19 10:52:00,2017-07-19 09:00:00,2017-07-19 09:58:00,2017-07-19 09:00:00,74.7,2017,07,19,TXO,2017-07-19,201707,112,0,112
2017-07-12,10383.0,10330.0,10383.0,10330.0,2017-07-12,53.0,2017-07-12 09:34:00,2017-07-12 09:01:00,2017-07-12 09:34:00,2017-07-12 09:01:00,80.6,2017,07,12,TX2,2017-07-12,201707W2,34,1,33
2017-07-05,10301.0,10171.0,10249.0,10171.0,2017-07-05,130.0,2017-07-05 13:15:00,2017-07-05 09:55:00,2017-07-05 09:12:00,2017-07-05 09:55:00,80.1,2017,07,05,TX1,2017-07-05,201707W1,255,55,200
2017-06-28,10342.0,10247.0,10342.0,10294.0,2017-06-28,95.0,2017-06-28 09:39:00,2017-06-28 10:22:00,2017-06-28 09:39:00,2017-06-28 09:07:00,69.2,2017,06,28,TX4,2017-06-28,201706W4,39,82,-43
2017-06-21,10371.0,10271.0,10318.0,10271.0,2017-06-21,100.0,2017-06-21 13:09:00,2017-06-21 09:12:00,2017-06-21 09:52:00,2017-06-21 09:12:00,59.75,2017,06,21,TXO,2017-06-21,201706,249,12,237
2017-06-14,10155.0,10021.0,10155.0,10116.0,2017-06-14,134.0,2017-06-14 09:05:00,2017-06-14 10:41:00,2017-06-14 09:05:00,2017-06-14 09:56:00,51.3,2017,06,14,TX2,2017-06-14,201706W2,5,101,-96
2017-06-07,10229.0,10165.0,10229.0,10186.0,2017-06-07,64.0,2017-06-07 09:38:00,2017-06-07 11:01:00,2017-06-07 09:38:00,2017-06-07 09:00:00,47.2,2017,06,07,TX1,2017-06-07,201706W1,38,121,-83
2017-05-31,10105.0,10023.0,10105.0,10083.0,2017-05-31,82.0,2017-05-31 09:09:00,2017-05-31 13:28:00,2017-05-31 09:09:00,2017-05-31 09:19:00,50.55,2017,05,31,TX5,2017-05-31,201705W5,9,268,-259
2017-05-24,10030.0,9998.0,10022.0,9998.0,2017-05-24,32.0,2017-05-24 11:08:00,2017-05-24 09:02:00,2017-05-24 09:25:00,2017-05-24 09:02:00,48.1,2017,05,24,TX4,2017-05-24,201705W4,128,2,126
2017-05-17,10022.0,9975.0,10022.0,9987.0,2017-05-17,47.0,2017-05-17 09:04:00,2017-05-17 11:50:00,2017-05-17 09:04:00,2017-05-17 09:44:00,53.65,2017,05,17,TXO,2017-05-17,201705,4,170,-166
2017-05-10,9959.0,9918.0,9959.0,9918.0,2017-05-10,41.0,2017-05-10 09:41:00,2017-05-10 09:11:00,2017-05-10 09:41:00,2017-05-10 09:11:00,58.15,2017,05,10,TX2,2017-05-10,201705W2,41,11,30
2017-05-03,9966.0,9937.0,9965.0,9937.0,2017-05-03,29.0,2017-05-03 10:02:00,2017-05-03 09:07:00,2017-05-03 09:51:00,2017-05-03 09:07:00,62.85,2017,05,03,TX1,2017-05-03,201705W1,62,7,55
2017-04-26,9871.0,9826.0,9870.0,9830.0,2017-04-26,45.0,2017-04-26 10:00:00,2017-04-26 11:48:00,2017-04-26 09:59:00,2017-04-26 09:16:00,68.9,2017,04,26,TX4,2017-04-26,201704W4,60,168,-108
2017-04-19,9704.0,9632.0,9704.0,9659.0,2017-04-19,72.0,2017-04-19 09:11:00,2017-04-19 13:09:00,2017-04-19 09:11:00,2017-04-19 09:38:00,68.35,2017,04,19,TXO,2017-04-19,201704,11,249,-238
2017-04-12,9830.0,9776.0,9825.0,9776.0,2017-04-12,54.0,2017-04-12 10:26:00,2017-04-12 09:34:00,2017-04-12 09:02:00,2017-04-12 09:34:00,63.8,2017,04,12,TX2,2017-04-12,201704W2,86,34,52
2017-04-05,9941.0,9854.0,9934.0,9854.0,2017-04-05,87.0,2017-04-05 13:30:00,2017-04-05 09:00:00,2017-04-05 09:46:00,2017-04-05 09:00:00,61.55,2017,04,05,TX1,2017-04-05,201704W1,270,0,270
2017-03-29,9900.0,9851.0,9900.0,9856.0,2017-03-29,49.0,2017-03-29 09:03:00,2017-03-29 12:07:00,2017-03-29 09:03:00,2017-03-29 09:54:00,64.75,2017,03,29,TX5,2017-03-29,201703W5,3,187,-184
2017-03-22,9904.0,9851.0,9904.0,9851.0,2017-03-22,53.0,2017-03-22 09:50:00,2017-03-22 09:06:00,2017-03-22 09:50:00,2017-03-22 09:06:00,62.4,2017,03,22,TX4,2017-03-22,201703W4,50,6,44
2017-03-15,9752.0,9715.0,9747.0,9715.0,2017-03-15,37.0,2017-03-15 11:11:00,2017-03-15 09:20:00,2017-03-15 09:04:00,2017-03-15 09:20:00,64.0,2017,03,15,TXO,2017-03-15,201703,131,20,111
2017-03-08,9765.0,9701.0,9744.0,9701.0,2017-03-08,64.0,2017-03-08 12:18:00,2017-03-08 09:37:00,2017-03-08 09:02:00,2017-03-08 09:37:00,65.4,2017,03,08,TX2,2017-03-08,201703W2,198,37,161
2017-03-01,9762.0,9678.0,9762.0,9723.0,2017-03-01,84.0,2017-03-01 09:28:00,2017-03-01 11:01:00,2017-03-01 09:28:00,2017-03-01 09:05:00,64.65,2017,03,01,TX1,2017-03-01,201703W1,28,121,-93
2017-02-22,9827.0,9767.0,9827.0,9772.0,2017-02-22,60.0,2017-02-22 09:12:00,2017-02-22 12:35:00,2017-02-22 09:12:00,2017-02-22 09:41:00,62.6,2017,02,22,TX4,2017-02-22,201702W4,12,215,-203
2017-02-15,9801.0,9722.0,9757.0,9722.0,2017-02-15,79.0,2017-02-15 12:47:00,2017-02-15 09:01:00,2017-02-15 09:56:00,2017-02-15 09:01:00,60.95,2017,02,15,TXO,2017-02-15,201702,227,1,226
2017-02-08,9535.0,9463.0,9535.0,9463.0,2017-02-08,72.0,2017-02-08 09:13:00,2017-02-08 09:23:00,2017-02-08 09:13:00,2017-02-08 09:23:00,57.2,2017,02,08,TX2,2017-02-08,201702W2,13,23,-10
2017-02-02,9497.0,9386.0,9497.0,9386.0,2017-02-02,111.0,2017-02-02 09:03:00,2017-02-02 09:59:00,2017-02-02 09:03:00,2017-02-02 09:59:00,56.65,2017,02,02,TX4,2017-02-02,201701W4,3,59,-56
2017-01-18,9349.0,9314.0,9346.0,9314.0,2017-01-18,35.0,2017-01-18 12:20:00,2017-01-18 09:00:00,2017-01-18 09:26:00,2017-01-18 09:00:00,52.7,2017,01,18,TXO,2017-01-18,201701,200,0,200
2017-01-11,9392.0,9333.0,9392.0,9336.0,2017-01-11,59.0,2017-01-11 09:00:00,2017-01-11 13:14:00,2017-01-11 09:00:00,2017-01-11 09:46:00,54.65,2017,01,11,TX2,2017-01-11,201701W2,0,254,-254
2017-01-04,9295.0,9261.0,9295.0,9261.0,2017-01-04,34.0,2017-01-04 09:53:00,2017-01-04 09:32:00,2017-01-04 09:53:00,2017-01-04 09:32:00,53.7,2017,01,04,TX1,2017-01-04,201701W1,53,32,21
2016-12-28,9210.0,9124.0,9196.0,9124.0,2016-12-28,86.0,2016-12-28 12:37:00,2016-12-28 09:01:00,2016-12-28 09:55:00,2016-12-28 09:01:00,54.7,2016,12,28,TX4,2016-12-28,201612W4,217,1,216
2016-12-21,9267.0,9225.0,9267.0,9230.0,2016-12-21,42.0,2016-12-21 09:03:00,2016-12-21 10:07:00,2016-12-21 09:03:00,2016-12-21 09:59:00,55.8,2016,12,21,TXO,2016-12-21,201612,3,67,-64
2016-12-14,9405.0,9353.0,9405.0,9361.0,2016-12-14,52.0,2016-12-14 09:04:00,2016-12-14 11:16:00,2016-12-14 09:04:00,2016-12-14 09:27:00,59.8,2016,12,14,TX2,2016-12-14,201612W2,4,136,-132
2016-12-07,9305.0,9248.0,9305.0,9268.0,2016-12-07,57.0,2016-12-07 09:00:00,2016-12-07 12:49:00,2016-12-07 09:00:00,2016-12-07 09:57:00,65.65,2016,12,07,TX1,2016-12-07,201612W1,0,229,-229
2016-11-30,9245.0,9177.0,9245.0,9207.0,2016-11-30,68.0,2016-11-30 09:40:00,2016-11-30 12:13:00,2016-11-30 09:40:00,2016-11-30 09:07:00,87.4,2016,11,30,TX5,2016-11-30,201611W5,40,193,-153
2016-11-23,9192.0,9142.0,9181.0,9142.0,2016-11-23,50.0,2016-11-23 11:22:00,2016-11-23 09:18:00,2016-11-23 09:56:00,2016-11-23 09:18:00,91.95,2016,11,23,TX4,2016-11-23,201611W4,142,18,124
2016-11-16,9034.0,8979.0,9013.0,8982.0,2016-11-16,55.0,2016-11-16 11:00:00,2016-11-16 13:11:00,2016-11-16 09:06:00,2016-11-16 09:16:00,90.4,2016,11,16,TXO,2016-11-16,201611,120,251,-131
2016-11-09,9307.0,8891.0,9307.0,9152.0,2016-11-09,416.0,2016-11-09 09:11:00,2016-11-09 13:09:00,2016-11-09 09:11:00,2016-11-09 09:59:00,93.05,2016,11,09,TX2,2016-11-09,201611W2,11,249,-238
2016-11-02,9225.0,9152.0,9225.0,9163.0,2016-11-02,73.0,2016-11-02 09:11:00,2016-11-02 13:30:00,2016-11-02 09:11:00,2016-11-02 09:47:00,80.45,2016,11,02,TX1,2016-11-02,201611W1,11,270,-259
2016-10-26,9363.0,9323.0,9363.0,9323.0,2016-10-26,40.0,2016-10-26 09:22:00,2016-10-26 09:31:00,2016-10-26 09:22:00,2016-10-26 09:31:00,78.55,2016,10,26,TX4,2016-10-26,201610W4,22,31,-9
2016-10-19,9300.0,9221.0,9287.0,9221.0,2016-10-19,79.0,2016-10-19 12:35:00,2016-10-19 09:01:00,2016-10-19 09:44:00,2016-10-19 09:01:00,85.65,2016,10,19,TXO,2016-10-19,201610,215,1,214
2016-10-12,9274.0,9164.0,9234.0,9164.0,2016-10-12,110.0,2016-10-12 13:25:00,2016-10-12 09:16:00,2016-10-12 09:59:00,2016-10-12 09:16:00,83.5,2016,10,12,TX2,2016-10-12,201610W2,265,16,249
2016-10-05,9266.0,9215.0,9247.0,9215.0,2016-10-05,51.0,2016-10-05 10:52:00,2016-10-05 09:01:00,2016-10-05 09:54:00,2016-10-05 09:01:00,77.05,2016,10,05,TX1,2016-10-05,201610W1,112,1,111
2016-09-29,9297.0,9206.0,9263.0,9206.0,2016-09-29,91.0,2016-09-29 10:28:00,2016-09-29 09:16:00,2016-09-29 09:00:00,2016-09-29 09:16:00,80.4,2016,09,29,TX4,2016-09-29,201609W4,88,16,72
2016-09-21,9224.0,9115.0,9160.0,9115.0,2016-09-21,109.0,2016-09-21 13:07:00,2016-09-21 09:00:00,2016-09-21 09:11:00,2016-09-21 09:00:00,80.8,2016,09,21,TXO,2016-09-21,201609,247,0,247
2016-09-14,8942.0,8866.0,8942.0,8866.0,2016-09-14,76.0,2016-09-14 09:19:00,2016-09-14 09:00:00,2016-09-14 09:19:00,2016-09-14 09:00:00,81.85,2016,09,14,TX2,2016-09-14,201609W2,19,0,19
2016-09-07,9262.0,9173.0,9247.0,9173.0,2016-09-07,89.0,2016-09-07 12:45:00,2016-09-07 09:00:00,2016-09-07 09:40:00,2016-09-07 09:00:00,84.9,2016,09,07,TX1,2016-09-07,201609W1,225,0,225
2016-08-31,9060.0,8959.0,9060.0,8959.0,2016-08-31,101.0,2016-08-31 09:05:00,2016-08-31 09:30:00,2016-08-31 09:05:00,2016-08-31 09:30:00,85.35,2016,08,31,TX5,2016-08-31,201608W5,5,30,-25
2016-08-24,8995.0,8948.0,8995.0,8948.0,2016-08-24,47.0,2016-08-24 09:06:00,2016-08-24 09:36:00,2016-08-24 09:06:00,2016-08-24 09:36:00,84.7,2016,08,24,TX4,2016-08-24,201608W4,6,36,-30
2016-08-17,9123.0,9067.0,9108.0,9074.0,2016-08-17,56.0,2016-08-17 13:20:00,2016-08-17 10:46:00,2016-08-17 09:20:00,2016-08-17 09:16:00,89.85,2016,08,17,TXO,2016-08-17,201608,260,106,154
2016-08-10,9167.0,9090.0,9152.0,9090.0,2016-08-10,77.0,2016-08-10 12:17:00,2016-08-10 09:37:00,2016-08-10 09:18:00,2016-08-10 09:37:00,87.1,2016,08,10,TX2,2016-08-10,201608W2,197,37,160
2016-08-03,8972.0,8861.0,8952.0,8861.0,2016-08-03,111.0,2016-08-03 10:12:00,2016-08-03 09:01:00,2016-08-03 09:59:00,2016-08-03 09:01:00,86.55,2016,08,03,TX1,2016-08-03,201608W1,72,1,71
2016-07-27,9027.0,8952.0,9027.0,8973.0,2016-07-27,75.0,2016-07-27 09:34:00,2016-07-27 12:22:00,2016-07-27 09:34:00,2016-07-27 09:04:00,87.2,2016,07,27,TX4,2016-07-27,201607W4,34,202,-168
2016-07-20,9042.0,8972.0,9042.0,8985.0,2016-07-20,70.0,2016-07-20 09:56:00,2016-07-20 10:50:00,2016-07-20 09:56:00,2016-07-20 09:06:00,97.5,2016,07,20,TXO,2016-07-20,201607,56,110,-54
2016-07-13,8835.0,8726.0,8835.0,8753.0,2016-07-13,109.0,2016-07-13 09:00:00,2016-07-13 10:36:00,2016-07-13 09:00:00,2016-07-13 09:25:00,101.3,2016,07,13,TX2,2016-07-13,201607W2,0,96,-96
2016-07-06,8549.0,8443.0,8549.0,8451.0,2016-07-06,106.0,2016-07-06 09:00:00,2016-07-06 10:19:00,2016-07-06 09:00:00,2016-07-06 09:42:00,104.3,2016,07,06,TX1,2016-07-06,201607W1,0,79,-79
2016-06-29,8493.0,8392.0,8493.0,8392.0,2016-06-29,101.0,2016-06-29 09:46:00,2016-06-29 09:00:00,2016-06-29 09:46:00,2016-06-29 09:00:00,102.9,2016,06,29,TX5,2016-06-29,201606W5,46,0,46
2016-06-22,8530.0,8460.0,8515.0,8460.0,2016-06-22,70.0,2016-06-22 11:01:00,2016-06-22 09:58:00,2016-06-22 09:21:00,2016-06-22 09:58:00,84.75,2016,06,22,TX4,2016-06-22,201606W4,121,58,63
2016-06-15,8607.0,8508.0,8598.0,8508.0,2016-06-15,99.0,2016-06-15 12:05:00,2016-06-15 09:38:00,2016-06-15 09:09:00,2016-06-15 09:38:00,96.9,2016,06,15,TXO,2016-06-15,201606,185,38,147
2016-06-08,8742.0,8680.0,8742.0,8683.0,2016-06-08,62.0,2016-06-08 09:36:00,2016-06-08 10:53:00,2016-06-08 09:36:00,2016-06-08 09:00:00,98.5,2016,06,08,TX2,2016-06-08,201606W2,36,113,-77
2016-06-01,8590.0,8492.0,8567.0,8492.0,2016-06-01,98.0,2016-06-01 11:59:00,2016-06-01 09:04:00,2016-06-01 09:54:00,2016-06-01 09:04:00,104.9,2016,06,01,TX1,2016-06-01,201606W1,179,4,175
2016-05-25,8412.0,8332.0,8393.0,8332.0,2016-05-25,80.0,2016-05-25 11:25:00,2016-05-25 09:29:00,2016-05-25 09:20:00,2016-05-25 09:29:00,114.5,2016,05,25,TX4,2016-05-25,201605W4,145,29,116
2016-05-18,8153.0,8056.0,8114.0,8056.0,2016-05-18,97.0,2016-05-18 13:12:00,2016-05-18 09:11:00,2016-05-18 09:44:00,2016-05-18 09:11:00,107.0,2016,05,18,TXO,2016-05-18,201605,252,11,241
2016-05-11,8192.0,8081.0,8192.0,8097.0,2016-05-11,111.0,2016-05-11 09:02:00,2016-05-11 10:18:00,2016-05-11 09:02:00,2016-05-11 09:56:00,106.35,2016,05,11,TX2,2016-05-11,201605W2,2,78,-76
2016-05-04,8257.0,8105.0,8257.0,8201.0,2016-05-04,152.0,2016-05-04 09:19:00,2016-05-04 13:07:00,2016-05-04 09:19:00,2016-05-04 09:55:00,109.65,2016,05,04,TX1,2016-05-04,201605W1,19,247,-228
2016-04-27,8590.0,8506.0,8573.0,8506.0,2016-04-27,84.0,2016-04-27 10:45:00,2016-04-27 09:08:00,2016-04-27 09:59:00,2016-04-27 09:08:00,106.85,2016,04,27,TX4,2016-04-27,201604W4,105,8,97
2016-04-20,8684.0,8498.0,8684.0,8617.0,2016-04-20,186.0,2016-04-20 09:11:00,2016-04-20 12:21:00,2016-04-20 09:11:00,2016-04-20 09:59:00,110.4,2016,04,20,TXO,2016-04-20,201604,11,201,-190
2016-04-13,8644.0,8530.0,8635.0,8530.0,2016-04-13,114.0,2016-04-13 13:04:00,2016-04-13 09:05:00,2016-04-13 09:49:00,2016-04-13 09:05:00,109.5,2016,04,13,TX2,2016-04-13,201604W2,244,5,239
2016-04-06,8572.0,8457.0,8572.0,8465.0,2016-04-06,115.0,2016-04-06 09:00:00,2016-04-06 10:27:00,2016-04-06 09:00:00,2016-04-06 09:42:00,101.0,2016,04,06,TX1,2016-04-06,201604W1,0,87,-87
2016-03-30,8747.0,8626.0,8717.0,8626.0,2016-03-30,121.0,2016-03-30 12:26:00,2016-03-30 09:06:00,2016-03-30 09:46:00,2016-03-30 09:06:00,97.6,2016,03,30,TX5,2016-03-30,201603W5,206,6,200
2016-03-23,8787.0,8698.0,8787.0,8729.0,2016-03-23,89.0,2016-03-23 09:11:00,2016-03-23 10:46:00,2016-03-23 09:11:00,2016-03-23 09:01:00,99.05,2016,03,23,TX4,2016-03-23,201603W4,11,106,-95
2016-03-16,8705.0,8637.0,8675.0,8637.0,2016-03-16,68.0,2016-03-16 12:54:00,2016-03-16 09:14:00,2016-03-16 09:43:00,2016-03-16 09:14:00,94.6,2016,03,16,TXO,2016-03-16,201603,234,14,220
2016-03-09,8632.0,8555.0,8632.0,8555.0,2016-03-09,77.0,2016-03-09 09:15:00,2016-03-09 09:36:00,2016-03-09 09:15:00,2016-03-09 09:36:00,99.85,2016,03,09,TX2,2016-03-09,201603W2,15,36,-21
2016-03-02,8575.0,8500.0,8575.0,8501.0,2016-03-02,75.0,2016-03-02 09:15:00,2016-03-02 10:04:00,2016-03-02 09:15:00,2016-03-02 09:52:00,106.4,2016,03,02,TX1,2016-03-02,201603W1,15,64,-49
2016-02-24,8382.0,8216.0,8382.0,8301.0,2016-02-24,166.0,2016-02-24 09:16:00,2016-02-24 12:08:00,2016-02-24 09:16:00,2016-02-24 09:27:00,108.15,2016,02,24,TX4,2016-02-24,201602W4,16,188,-172
2016-02-17,8251.0,8193.0,8248.0,8193.0,2016-02-17,58.0,2016-02-17 10:48:00,2016-02-17 09:41:00,2016-02-17 09:02:00,2016-02-17 09:41:00,119.45,2016,02,17,TXO,2016-02-17,201602,108,41,67
2016-02-15,8068.0,7921.0,8066.0,7921.0,2016-02-15,147.0,2016-02-15 13:24:00,2016-02-15 09:01:00,2016-02-15 09:59:00,2016-02-15 09:01:00,121.85,2016,02,15,TX2,2016-02-15,201602W2,264,1,263
2016-02-03,8085.0,7993.0,8080.0,7993.0,2016-02-03,92.0,2016-02-03 12:10:00,2016-02-03 09:36:00,2016-02-03 09:14:00,2016-02-03 09:36:00,126.5,2016,02,03,TX1,2016-02-03,201602W1,190,36,154
2016-01-27,7859.0,7778.0,7859.0,7795.0,2016-01-27,81.0,2016-01-27 09:02:00,2016-01-27 12:02:00,2016-01-27 09:02:00,2016-01-27 09:59:00,131.65,2016,01,27,TX4,2016-01-27,201601W4,2,182,-180
2016-01-20,7803.0,7673.0,7803.0,7711.0,2016-01-20,130.0,2016-01-20 09:18:00,2016-01-20 12:26:00,2016-01-20 09:18:00,2016-01-20 09:42:00,127.0,2016,01,20,TXO,2016-01-20,201601,18,206,-188
2016-01-13,7849.0,7736.0,7849.0,7771.0,2016-01-13,113.0,2016-01-13 09:31:00,2016-01-13 11:28:00,2016-01-13 09:31:00,2016-01-13 09:11:00,116.4,2016,01,13,TX2,2016-01-13,201601W2,31,148,-117
2016-01-06,8048.0,7901.0,8048.0,7956.0,2016-01-06,147.0,2016-01-06 09:06:00,2016-01-06 10:59:00,2016-01-06 09:06:00,2016-01-06 09:23:00,108.2,2016,01,06,TX1,2016-01-06,201601W1,6,119,-113
2015-12-30,8329.0,8226.0,8329.0,8266.0,2015-12-30,103.0,2015-12-30 09:14:00,2015-12-30 11:32:00,2015-12-30 09:14:00,2015-12-30 09:56:00,101.0,2015,12,30,TX5,2015-12-30,201512W5,14,152,-138
2015-12-23,8347.0,8267.0,8343.0,8267.0,2015-12-23,80.0,2015-12-23 10:37:00,2015-12-23 09:27:00,2015-12-23 09:58:00,2015-12-23 09:27:00,111.75,2015,12,23,TX4,2015-12-23,201512W4,97,27,70
2015-12-16,8209.0,8112.0,8165.0,8112.0,2015-12-16,97.0,2015-12-16 12:50:00,2015-12-16 09:32:00,2015-12-16 09:00:00,2015-12-16 09:32:00,111.75,2015,12,16,TXO,2015-12-16,201512,230,32,198
2015-12-09,8328.0,8212.0,8328.0,8242.0,2015-12-09,116.0,2015-12-09 09:08:00,2015-12-09 10:28:00,2015-12-09 09:08:00,2015-12-09 09:31:00,111.5,2015,12,09,TX2,2015-12-09,201512W2,8,88,-80
2015-12-02,8510.0,8415.0,8508.0,8441.0,2015-12-02,95.0,2015-12-02 10:06:00,2015-12-02 11:10:00,2015-12-02 09:57:00,2015-12-02 09:00:00,116.2,2015,12,02,TX1,2015-12-02,201512W1,66,130,-64
2015-11-25,8407.0,8320.0,8407.0,8325.0,2015-11-25,87.0,2015-11-25 09:02:00,2015-11-25 10:52:00,2015-11-25 09:02:00,2015-11-25 09:36:00,115.4,2015,11,25,TX4,2015-11-25,201511W4,2,112,-110
2015-11-18,8450.0,8326.0,8450.0,8379.0,2015-11-18,124.0,2015-11-18 09:01:00,2015-11-18 13:10:00,2015-11-18 09:01:00,2015-11-18 09:56:00,107.45,2015,11,18,TXO,2015-11-18,201511,1,250,-249
2015-11-11,8549.0,8405.0,8549.0,8405.0,2015-11-11,144.0,2015-11-11 09:16:00,2015-11-11 09:56:00,2015-11-11 09:16:00,2015-11-11 09:56:00,97.7,2015,11,11,TX2,2015-11-11,201511W2,16,56,-40
2015-11-04,8900.0,8751.0,8900.0,8751.0,2015-11-04,149.0,2015-11-04 09:52:00,2015-11-04 09:10:00,2015-11-04 09:52:00,2015-11-04 09:10:00,90.6,2015,11,04,TX1,2015-11-04,201511W1,52,10,42
2015-10-28,8710.0,8613.0,8710.0,8663.0,2015-10-28,97.0,2015-10-28 09:41:00,2015-10-28 11:36:00,2015-10-28 09:41:00,2015-10-28 09:10:00,94.45,2015,10,28,TX4,2015-10-28,201510W4,41,156,-115
2015-10-21,8700.0,8593.0,8700.0,8624.0,2015-10-21,107.0,2015-10-21 09:01:00,2015-10-21 10:52:00,2015-10-21 09:01:00,2015-10-21 09:53:00,103.8,2015,10,21,TXO,2015-10-21,201510,1,112,-111
2015-10-14,8554.0,8492.0,8550.0,8492.0,2015-10-14,62.0,2015-10-14 11:10:00,2015-10-14 09:20:00,2015-10-14 09:47:00,2015-10-14 09:20:00,111.05,2015,10,14,TX2,2015-10-14,201510W2,130,20,110
2015-10-07,8496.0,8357.0,8430.0,8357.0,2015-10-07,139.0,2015-10-07 12:46:00,2015-10-07 09:11:00,2015-10-07 09:46:00,2015-10-07 09:11:00,116.35,2015,10,07,TX1,2015-10-07,201510W1,226,11,215
2015-09-30,8178.0,8000.0,8126.0,8000.0,2015-09-30,178.0,2015-09-30 13:26:00,2015-09-30 09:00:00,2015-09-30 09:52:00,2015-09-30 09:00:00,126.35,2015,09,30,TX5,2015-09-30,201509W5,266,0,266
2015-09-23,8250.0,8135.0,8250.0,8166.0,2015-09-23,115.0,2015-09-23 09:21:00,2015-09-23 12:00:00,2015-09-23 09:21:00,2015-09-23 09:58:00,121.2,2015,09,23,TX4,2015-09-23,201509W4,21,180,-159
2015-09-16,8358.0,8270.0,8341.0,8270.0,2015-09-16,88.0,2015-09-16 11:38:00,2015-09-16 09:43:00,2015-09-16 09:15:00,2015-09-16 09:43:00,170.85,2015,09,16,TXO,2015-09-16,201509,158,43,115
2015-09-09,8315.0,8132.0,8214.0,8132.0,2015-09-09,183.0,2015-09-09 12:51:00,2015-09-09 09:20:00,2015-09-09 09:47:00,2015-09-09 09:20:00,172.05,2015,09,09,TX2,2015-09-09,201509W2,231,20,211
2015-09-02,7997.0,7773.0,7852.0,7773.0,2015-09-02,224.0,2015-09-02 11:57:00,2015-09-02 09:02:00,2015-09-02 09:26:00,2015-09-02 09:02:00,174.8,2015,09,02,TX1,2015-09-02,201509W1,177,2,175
2015-08-26,7678.0,7432.0,7575.0,7432.0,2015-08-26,246.0,2015-08-26 13:21:00,2015-08-26 09:04:00,2015-08-26 09:35:00,2015-08-26 09:04:00,165.9,2015,08,26,TX4,2015-08-26,201508W4,261,4,257
2015-08-19,8179.0,7993.0,8179.0,8090.0,2015-08-19,186.0,2015-08-19 09:08:00,2015-08-19 13:09:00,2015-08-19 09:08:00,2015-08-19 09:59:00,125.15,2015,08,19,TXO,2015-08-19,201508,8,249,-241
2015-08-12,8380.0,8243.0,8380.0,8283.0,2015-08-12,137.0,2015-08-12 09:15:00,2015-08-12 12:22:00,2015-08-12 09:15:00,2015-08-12 09:47:00,125.55,2015,08,12,TX2,2015-08-12,201508W2,15,202,-187
2015-08-05,8547.0,8448.0,8518.0,8448.0,2015-08-05,99.0,2015-08-05 10:29:00,2015-08-05 09:05:00,2015-08-05 09:10:00,2015-08-05 09:05:00,124.9,2015,08,05,TX1,2015-08-05,201508W1,89,5,84
2015-07-29,8548.0,8440.0,8548.0,8440.0,2015-07-29,108.0,2015-07-29 09:04:00,2015-07-29 09:42:00,2015-07-29 09:04:00,2015-07-29 09:42:00,123.05,2015,07,29,TX5,2015-07-29,201507W5,4,42,-38
2015-07-22,8874.0,8795.0,8874.0,8811.0,2015-07-22,79.0,2015-07-22 09:07:00,2015-07-22 10:38:00,2015-07-22 09:07:00,2015-07-22 09:59:00,108.85,2015,07,22,TX4,2015-07-22,201507W4,7,98,-91
2015-07-15,9074.0,8989.0,9074.0,9008.0,2015-07-15,85.0,2015-07-15 09:16:00,2015-07-15 11:02:00,2015-07-15 09:16:00,2015-07-15 09:57:00,99.1,2015,07,15,TXO,2015-07-15,201507,16,122,-106
2015-07-08,9182.0,8912.0,9182.0,8998.0,2015-07-08,270.0,2015-07-08 09:03:00,2015-07-08 12:00:00,2015-07-08 09:03:00,2015-07-08 09:49:00,92.35,2015,07,08,TX2,2015-07-08,201507W2,3,180,-177
2015-07-01,9319.0,9191.0,9311.0,9191.0,2015-07-01,128.0,2015-07-01 12:19:00,2015-07-01 09:02:00,2015-07-01 09:56:00,2015-07-01 09:02:00,96.55,2015,07,01,TX1,2015-07-01,201507W1,199,2,197
2015-06-24,9238.0,9193.0,9238.0,9193.0,2015-06-24,45.0,2015-06-24 09:42:00,2015-06-24 09:13:00,2015-06-24 09:42:00,2015-06-24 09:13:00,94.9,2015,06,24,TX4,2015-06-24,201506W4,42,13,29
2015-06-17,9237.0,9177.0,9217.0,9178.0,2015-06-17,60.0,2015-06-17 11:37:00,2015-06-17 13:11:00,2015-06-17 09:28:00,2015-06-17 09:13:00,98.4,2015,06,17,TXO,2015-06-17,201506,157,251,-94
2015-06-10,9328.0,9252.0,9328.0,9252.0,2015-06-10,76.0,2015-06-10 09:55:00,2015-06-10 09:22:00,2015-06-10 09:55:00,2015-06-10 09:22:00,100.75,2015,06,10,TX2,2015-06-10,201506W2,55,22,33
2015-06-03,9642.0,9535.0,9642.0,9570.0,2015-06-03,107.0,2015-06-03 09:01:00,2015-06-03 13:03:00,2015-06-03 09:01:00,2015-06-03 09:57:00,85.9,2015,06,03,TX1,2015-06-03,201506W1,1,243,-242
2015-05-27,9698.0,9623.0,9680.0,9623.0,2015-05-27,75.0,2015-05-27 12:16:00,2015-05-27 09:01:00,2015-05-27 09:23:00,2015-05-27 09:01:00,87.5,2015,05,27,TX4,2015-05-27,201505W4,196,1,195
2015-05-20,9725.0,9657.0,9716.0,9663.0,2015-05-20,68.0,2015-05-20 11:28:00,2015-05-20 13:01:00,2015-05-20 09:07:00,2015-05-20 09:46:00,94.2,2015,05,20,TXO,2015-05-20,201505,148,241,-93
2015-05-13,9776.0,9697.0,9776.0,9697.0,2015-05-13,79.0,2015-05-13 09:49:00,2015-05-13 09:07:00,2015-05-13 09:49:00,2015-05-13 09:07:00,92.75,2015,05,13,TX2,2015-05-13,201505W2,49,7,42
2015-05-06,9865.0,9763.0,9813.0,9763.0,2015-05-06,102.0,2015-05-06 11:15:00,2015-05-06 09:13:00,2015-05-06 09:31:00,2015-05-06 09:13:00,88.35,2015,05,06,TX1,2015-05-06,201505W1,135,13,122
2015-04-29,10022.0,9882.0,10022.0,9954.0,2015-04-29,140.0,2015-04-29 09:21:00,2015-04-29 10:43:00,2015-04-29 09:21:00,2015-04-29 09:10:00,83.55,2015,04,29,TX5,2015-04-29,201504W5,21,103,-82
2015-04-22,9636.0,9561.0,9603.0,9561.0,2015-04-22,75.0,2015-04-22 12:54:00,2015-04-22 09:09:00,2015-04-22 09:05:00,2015-04-22 09:09:00,69.5,2015,04,22,TX4,2015-04-22,201504W4,234,9,225
2015-04-15,9654.0,9507.0,9654.0,9550.0,2015-04-15,147.0,2015-04-15 09:18:00,2015-04-15 13:08:00,2015-04-15 09:18:00,2015-04-15 09:50:00,67.35,2015,04,15,TXO,2015-04-15,201504,18,248,-230
2015-04-08,9633.0,9558.0,9633.0,9564.0,2015-04-08,75.0,2015-04-08 09:04:00,2015-04-08 12:12:00,2015-04-08 09:04:00,2015-04-08 09:54:00,64.35,2015,04,08,TX2,2015-04-08,201504W2,4,192,-188
2015-04-01,9534.0,9487.0,9534.0,9495.0,2015-04-01,47.0,2015-04-01 09:03:00,2015-04-01 11:16:00,2015-04-01 09:03:00,2015-04-01 09:16:00,64.35,2015,04,01,TX1,2015-04-01,201504W1,3,136,-133
2015-03-25,9727.0,9673.0,9727.0,9696.0,2015-03-25,54.0,2015-03-25 09:05:00,2015-03-25 12:40:00,2015-03-25 09:05:00,2015-03-25 09:31:00,62.95,2015,03,25,TX4,2015-03-25,201503W4,5,220,-215
2015-03-18,9649.0,9567.0,9626.0,9567.0,2015-03-18,82.0,2015-03-18 12:11:00,2015-03-18 09:02:00,2015-03-18 09:49:00,2015-03-18 09:02:00,61.45,2015,03,18,TXO,2015-03-18,201503,191,2,189
2015-03-11,9544.0,9453.0,9518.0,9453.0,2015-03-11,91.0,2015-03-11 12:48:00,2015-03-11 09:00:00,2015-03-11 09:55:00,2015-03-11 09:00:00,57.25,2015,03,11,TX2,2015-03-11,201503W2,228,0,228
2015-03-04,9638.0,9581.0,9626.0,9581.0,2015-03-04,57.0,2015-03-04 10:45:00,2015-03-04 09:02:00,2015-03-04 09:34:00,2015-03-04 09:02:00,55.2,2015,03,04,TX1,2015-03-04,201503W1,105,2,103
2015-02-25,9695.0,9660.0,9691.0,9660.0,2015-02-25,35.0,2015-02-25 13:29:00,2015-02-25 09:38:00,2015-02-25 09:02:00,2015-02-25 09:38:00,52.15,2015,02,25,TX4,2015-02-25,201502W4,269,38,231
2015-02-24,9640.0,9595.0,9635.0,9595.0,2015-02-24,45.0,2015-02-24 11:56:00,2015-02-24 09:01:00,2015-02-24 09:42:00,2015-02-24 09:01:00,54.5,2015,02,24,TXO,2015-02-24,201502,176,1,175
2015-02-11,9509.0,9457.0,9499.0,9457.0,2015-02-11,52.0,2015-02-11 10:06:00,2015-02-11 09:07:00,2015-02-11 09:59:00,2015-02-11 09:07:00,66.65,2015,02,11,TX2,2015-02-11,201502W2,66,7,59
2015-02-04,9556.0,9512.0,9556.0,9512.0,2015-02-04,44.0,2015-02-04 09:10:00,2015-02-04 09:46:00,2015-02-04 09:10:00,2015-02-04 09:46:00,78.65,2015,02,04,TX1,2015-02-04,201502W1,10,46,-36
2015-01-28,9534.0,9482.0,9520.0,9482.0,2015-01-28,52.0,2015-01-28 11:58:00,2015-01-28 09:08:00,2015-01-28 09:59:00,2015-01-28 09:08:00,84.25,2015,01,28,TX4,2015-01-28,201501W4,178,8,170
2015-01-21,9316.0,9274.0,9313.0,9274.0,2015-01-21,42.0,2015-01-21 13:01:00,2015-01-21 09:40:00,2015-01-21 09:19:00,2015-01-21 09:40:00,84.95,2015,01,21,TXO,2015-01-21,201501,241,40,201
2015-01-14,9247.0,9151.0,9247.0,9151.0,2015-01-14,96.0,2015-01-14 09:00:00,2015-01-14 09:46:00,2015-01-14 09:00:00,2015-01-14 09:46:00,81.45,2015,01,14,TX2,2015-01-14,201501W2,0,46,-46
2015-01-07,9092.0,9033.0,9068.0,9033.0,2015-01-07,59.0,2015-01-07 10:47:00,2015-01-07 09:42:00,2015-01-07 09:16:00,2015-01-07 09:42:00,78.7,2015,01,07,TX1,2015-01-07,201501W1,107,42,65
