,價平檔位,時間分組,買賣權別,average_iv,std_iv
0,-1000.0,0 days 00:45:00,C,1.999,
1,-1000.0,0 days 01:00:00,C,1.8773,
2,-1000.0,0 days 01:30:00,C,0.98095,0.06484169183480633
3,-1000.0,0 days 04:30:00,C,0.6151,0.043557777721091276
4,-1000.0,0 days 04:30:00,P,0.0,
5,-1000.0,1 days 00:30:00,C,0.3902,
6,-1000.0,1 days 00:30:00,P,0.3998,0.0875398195108946
7,-1000.0,1 days 04:30:00,C,0.294975,0.06628943480424819
8,-1000.0,1 days 04:30:00,P,0.5532,
9,-1000.0,2 days 00:30:00,C,0.24296666666666666,0.05320736164604794
10,-1000.0,2 days 04:30:00,C,0.25808333333333333,0.10176383280255648
11,-1000.0,5 days 00:30:00,C,0.17425,0.02366579810612776
12,-1000.0,5 days 00:30:00,P,0.1952,
13,-1000.0,5 days 04:30:00,C,0.18615714285714285,0.03014945312620983
14,-1000.0,6 days 00:00:00,C,0.15139,0.03149498901941916
15,-1000.0,6 days 00:00:00,P,0.3052,
16,-1000.0,6 days 04:30:00,C,0.16224444444444444,0.026425797580731183
17,-950.0,0 days 00:45:00,C,1.67875,0.4015659410358402
18,-950.0,0 days 01:00:00,C,1.0187,
19,-950.0,0 days 01:30:00,C,1.011,
20,-950.0,0 days 04:30:00,C,0.6687799999999999,0.09542416884626242
21,-950.0,0 days 04:30:00,P,0.0,0.0
22,-950.0,1 days 00:30:00,C,0.32936,0.07821290174900813
23,-950.0,1 days 00:30:00,P,0.0,
24,-950.0,1 days 04:30:00,C,0.2995833333333333,0.08193217723621574
25,-950.0,1 days 04:30:00,P,0.0,
26,-950.0,2 days 00:30:00,C,0.43865,0.33764348801657645
27,-950.0,2 days 00:30:00,P,0.5893,
28,-950.0,2 days 04:30:00,C,0.27495555555555556,0.08517750746398825
29,-950.0,2 days 04:30:00,P,0.0,
30,-950.0,5 days 00:30:00,C,0.17738333333333334,0.02443599121514547
31,-950.0,5 days 04:30:00,C,0.1707,0.023943767456271383
32,-950.0,6 days 00:00:00,C,0.14726,0.014804154822211231
33,-950.0,6 days 00:00:00,P,0.1306,
34,-950.0,6 days 04:30:00,C,0.15841176470588236,0.026262018257193733
35,-900.0,0 days 00:45:00,C,1.38,0.325693383414524
36,-900.0,0 days 00:45:00,P,2.7895,
37,-900.0,0 days 01:00:00,C,1.1213,0.061801132675704355
38,-900.0,0 days 01:00:00,P,0.0,
39,-900.0,0 days 01:30:00,C,0.8446,
40,-900.0,0 days 04:30:00,C,0.6764749999999999,0.06420599011514944
41,-900.0,0 days 04:30:00,P,0.0,
42,-900.0,1 days 00:30:00,C,0.3751,0.046669047558312124
43,-900.0,1 days 04:30:00,C,0.2699142857142857,0.043764080727290065
44,-900.0,2 days 00:30:00,C,0.23973333333333335,0.04353347371085075
45,-900.0,2 days 04:30:00,C,0.2623166666666667,0.10364824005580926
46,-900.0,2 days 04:30:00,P,0.2542,
47,-900.0,5 days 00:30:00,C,0.16792,0.027247513648037684
48,-900.0,5 days 00:30:00,P,0.2119,
49,-900.0,5 days 04:30:00,C,0.17562142857142857,0.03051207021117099
50,-900.0,5 days 04:30:00,P,0.2228,0.05435034498510566
51,-900.0,6 days 00:00:00,C,0.15854545454545454,0.029903590541483945
52,-900.0,6 days 04:30:00,C,0.15115294117647057,0.021492705670967147
53,-850.0,0 days 00:45:00,C,1.25105,0.16355379848844848
54,-850.0,0 days 01:00:00,C,1.3184,
55,-850.0,0 days 01:30:00,C,0.7867999999999999,0.05586143571373734
56,-850.0,0 days 01:30:00,P,0.0,
57,-850.0,0 days 04:30:00,C,0.6816249999999999,0.0321073589695571
58,-850.0,0 days 04:30:00,P,0.0,0.0
59,-850.0,1 days 00:30:00,C,0.29916666666666664,0.0984032689158919
60,-850.0,1 days 00:30:00,P,0.4065,
61,-850.0,1 days 04:30:00,C,0.27715,0.06549441452012023
62,-850.0,1 days 04:30:00,P,0.0,
63,-850.0,2 days 00:30:00,C,0.2665142857142857,0.1923139137674948
64,-850.0,2 days 00:30:00,P,0.48285,0.20343462094736972
65,-850.0,2 days 04:30:00,C,0.2363588235294118,0.06668335679560089
66,-850.0,2 days 04:30:00,P,0.14055,0.19876771619153852
67,-850.0,5 days 00:30:00,C,0.16165384615384618,0.026967592136507575
68,-850.0,5 days 00:30:00,P,0.1816,
69,-850.0,5 days 04:30:00,C,0.16490714285714286,0.023824017108976213
70,-850.0,6 days 00:00:00,C,0.15152222222222222,0.021292591304123712
71,-850.0,6 days 00:00:00,P,0.1178,
72,-850.0,6 days 04:30:00,C,0.152912,0.023822281586783414
73,-800.0,0 days 01:00:00,P,0.0,
74,-800.0,0 days 01:30:00,C,0.90624,0.20020421573982902
75,-800.0,0 days 04:30:00,C,0.6307555555555555,0.08133896838402718
76,-800.0,0 days 04:30:00,P,0.0,0.0
77,-800.0,1 days 00:30:00,C,0.31305,0.08183566867000396
78,-800.0,1 days 00:30:00,P,0.374,
79,-800.0,1 days 04:30:00,C,0.2792555555555556,0.06383574843124955
80,-800.0,2 days 00:30:00,C,0.22424999999999998,0.036794714294311345
81,-800.0,2 days 00:30:00,P,0.16555,0.23412305525086588
82,-800.0,2 days 04:30:00,C,0.23562666666666665,0.06894503469811158
83,-800.0,2 days 04:30:00,P,0.2305,
84,-800.0,5 days 00:30:00,C,0.15857,0.02438164382390071
85,-800.0,5 days 04:30:00,C,0.15996315789473683,0.034295095381868555
86,-800.0,5 days 04:30:00,P,0.2157,
87,-800.0,6 days 00:00:00,C,0.144868,0.027354108771200467
88,-800.0,6 days 00:00:00,P,0.2306,0.03733523804664972
89,-800.0,6 days 04:30:00,C,0.14116,0.02170659521578796
90,-750.0,0 days 00:45:00,C,1.1633,0.21170777028725224
91,-750.0,0 days 00:45:00,P,0.0,
92,-750.0,0 days 01:00:00,C,1.4467,
93,-750.0,0 days 01:00:00,P,0.0,
94,-750.0,0 days 01:30:00,C,0.82194,0.1131561001448883
95,-750.0,0 days 04:30:00,C,0.59925,0.07249861082412935
96,-750.0,0 days 04:30:00,P,0.0,0.0
97,-750.0,1 days 00:30:00,C,0.27240000000000003,0.08291282570668224
98,-750.0,1 days 00:30:00,P,0.3687,
99,-750.0,1 days 04:30:00,C,0.2681411764705882,0.05473568373126815
100,-750.0,1 days 04:30:00,P,0.21465,0.30356094116338483
101,-750.0,2 days 00:30:00,C,0.22247692307692307,0.14976930679017733
102,-750.0,2 days 00:30:00,P,0.48165,0.24430539289995218
103,-750.0,2 days 04:30:00,C,0.22010526315789475,0.0692693572920171
104,-750.0,2 days 04:30:00,P,0.29905,0.020576807332528545
105,-750.0,5 days 00:30:00,C,0.15187619047619047,0.02720707453516281
106,-750.0,5 days 00:30:00,P,0.2172,
107,-750.0,5 days 04:30:00,C,0.14992,0.025144714487674476
108,-750.0,5 days 04:30:00,P,0.0935,0.1322289680818844
109,-750.0,6 days 00:00:00,C,0.1361095238095238,0.0168791855479435
110,-750.0,6 days 00:00:00,P,0.15000000000000002,0.004384062043356593
111,-750.0,6 days 04:30:00,C,0.1448548387096774,0.023428683825739167
112,-700.0,0 days 00:45:00,C,1.2319,0.25588917523021576
113,-700.0,0 days 00:45:00,P,0.7643,1.0808834257217566
114,-700.0,0 days 01:00:00,C,1.2294749999999999,0.3076791442937486
115,-700.0,0 days 01:30:00,C,0.8083333333333332,0.19384030368665162
116,-700.0,0 days 04:30:00,C,0.5578333333333334,0.08053555115599571
117,-700.0,0 days 04:30:00,P,0.13472,0.30124307792877164
118,-700.0,1 days 00:30:00,C,0.2858625,0.08125163624726055
119,-700.0,1 days 00:30:00,P,0.3136,
120,-700.0,1 days 04:30:00,C,0.2424,0.05752112655364114
121,-700.0,1 days 04:30:00,P,0.4276,
122,-700.0,2 days 00:30:00,C,0.20099,0.032015150927160854
123,-700.0,2 days 04:30:00,C,0.2103625,0.06249909086295297
124,-700.0,2 days 04:30:00,P,0.0,
125,-700.0,5 days 00:30:00,C,0.14352222222222222,0.025343140516554567
126,-700.0,5 days 00:30:00,P,0.0806,0.11398561312727147
127,-700.0,5 days 04:30:00,C,0.1467166666666667,0.03146110991019879
128,-700.0,5 days 04:30:00,P,0.10655,0.1506844550708533
129,-700.0,6 days 00:00:00,C,0.13613703703703703,0.02692905420013782
130,-700.0,6 days 00:00:00,P,0.2629,
131,-700.0,6 days 04:30:00,C,0.1366153846153846,0.023107432598528693
132,-700.0,6 days 04:30:00,P,0.08915,0.12607713908556142
133,-650.0,0 days 00:45:00,C,1.1468399999999999,0.15293998169216566
134,-650.0,0 days 00:45:00,P,0.0,
135,-650.0,0 days 01:00:00,C,0.7185,
136,-650.0,0 days 01:30:00,C,0.7504,0.11301951158981352
137,-650.0,0 days 01:30:00,P,0.0,
138,-650.0,0 days 04:30:00,C,0.5280846153846154,0.0918154929387723
139,-650.0,0 days 04:30:00,P,0.1448,0.25080095693597343
140,-650.0,1 days 00:30:00,C,0.2529,0.0794567807049845
141,-650.0,1 days 00:30:00,P,0.2955,
142,-650.0,1 days 04:30:00,C,0.2578375,0.05613672446209643
143,-650.0,1 days 04:30:00,P,0.0,
144,-650.0,2 days 00:30:00,C,0.22901999999999997,0.1398898505457572
145,-650.0,2 days 00:30:00,P,0.0,
146,-650.0,2 days 04:30:00,C,0.20052580645161291,0.059461051497272495
147,-650.0,2 days 04:30:00,P,0.27090000000000003,0.12091525958289963
148,-650.0,5 days 00:30:00,C,0.1463875,0.026090549888384128
149,-650.0,5 days 04:30:00,C,0.13988055555555556,0.025140892351982417
150,-650.0,5 days 04:30:00,P,0.07405,0.08838387862048146
151,-650.0,6 days 00:00:00,C,0.13210645161290321,0.025150386815897034
152,-650.0,6 days 00:00:00,P,0.1307,
153,-650.0,6 days 04:30:00,C,0.13465476190476192,0.02558635499904294
154,-650.0,6 days 04:30:00,P,0.0,
155,-600.0,0 days 00:45:00,C,1.2149666666666665,0.13824913501839114
156,-600.0,0 days 01:00:00,C,0.96375,0.028920667350529748
157,-600.0,0 days 01:00:00,P,0.3926,0.5552202445876772
158,-600.0,0 days 01:30:00,C,0.7936571428571428,0.10663368537728998
159,-600.0,0 days 04:30:00,C,0.4951,0.07281478787535765
160,-600.0,0 days 04:30:00,P,0.0,
161,-600.0,1 days 00:30:00,C,0.2423294117647059,0.07453707772566853
162,-600.0,1 days 00:30:00,P,0.2771,
163,-600.0,1 days 04:30:00,C,0.22187083333333335,0.056914928729805504
164,-600.0,1 days 04:30:00,P,0.06276000000000001,0.14033562626788681
165,-600.0,2 days 00:30:00,C,0.18666,0.03180199454661385
166,-600.0,2 days 04:30:00,C,0.1837294117647059,0.026886185812090988
167,-600.0,2 days 04:30:00,P,0.1418,0.12672852875339474
168,-600.0,5 days 00:30:00,C,0.13499615384615385,0.0254536988395672
169,-600.0,5 days 00:30:00,P,0.1498,
170,-600.0,5 days 04:30:00,C,0.13785,0.02997478397617914
171,-600.0,5 days 04:30:00,P,0.0,
172,-600.0,6 days 00:00:00,C,0.12716444444444444,0.026994891398488003
173,-600.0,6 days 00:00:00,P,0.13436666666666666,0.1211326683159144
174,-600.0,6 days 04:30:00,C,0.1300185185185185,0.02400518870070082
175,-600.0,6 days 04:30:00,P,0.0791,0.11186429278371182
176,-550.0,0 days 00:45:00,C,0.9495999999999999,0.20712409323881176
177,-550.0,0 days 00:45:00,P,0.0,
178,-550.0,0 days 01:00:00,C,0.90992,0.12327334261712869
179,-550.0,0 days 01:00:00,P,1.8139,
180,-550.0,0 days 01:30:00,C,0.6532,0.11209710076536324
181,-550.0,0 days 01:30:00,P,0.6633,0.5758152394648826
182,-550.0,0 days 04:30:00,C,0.45853125,0.08856867556685415
183,-550.0,0 days 04:30:00,P,0.0,0.0
184,-550.0,1 days 00:30:00,C,0.2264875,0.07453038642057343
185,-550.0,1 days 00:30:00,P,0.0804,0.11026397870564983
186,-550.0,1 days 04:30:00,C,0.2212029411764706,0.04901274716873905
187,-550.0,1 days 04:30:00,P,0.17196666666666668,0.2031543321385657
188,-550.0,2 days 00:30:00,C,0.19031071428571428,0.1140979025330171
189,-550.0,2 days 00:30:00,P,0.6268,
190,-550.0,2 days 04:30:00,C,0.1812489361702128,0.054526347330363975
191,-550.0,2 days 04:30:00,P,0.2985,0.13915861453751255
192,-550.0,5 days 00:30:00,C,0.12836976744186046,0.027722507057690082
193,-550.0,5 days 00:30:00,P,0.1735,
194,-550.0,5 days 04:30:00,C,0.12888518518518519,0.02521980658737656
195,-550.0,5 days 04:30:00,P,0.1257,0.0700112848046656
196,-550.0,6 days 00:00:00,C,0.12311632653061225,0.026215869453910735
197,-550.0,6 days 00:00:00,P,0.1307,
198,-550.0,6 days 04:30:00,C,0.12724375,0.026732976336530954
199,-550.0,6 days 04:30:00,P,0.08388571428571427,0.0791709211889363
200,-500.0,0 days 00:45:00,C,0.8894857142857143,0.17426500345327922
201,-500.0,0 days 00:45:00,P,0.0,0.0
202,-500.0,0 days 01:00:00,C,0.857125,0.1965321072157592
203,-500.0,0 days 01:00:00,P,0.0,0.0
204,-500.0,0 days 01:30:00,C,0.6351375,0.11281850073078821
205,-500.0,0 days 01:30:00,P,0.0,0.0
206,-500.0,0 days 04:30:00,C,0.4265166666666667,0.07751324284334873
207,-500.0,0 days 04:30:00,P,0.27481428571428573,0.35964375164214674
208,-500.0,1 days 00:30:00,C,0.23155263157894734,0.07122017791812975
209,-500.0,1 days 00:30:00,P,0.30044,0.10587744330120558
210,-500.0,1 days 04:30:00,C,0.2081,0.04925514941191166
211,-500.0,1 days 04:30:00,P,0.07991000000000001,0.13535051163553094
212,-500.0,2 days 00:30:00,C,0.17091935483870968,0.031128201782893904
213,-500.0,2 days 00:30:00,P,0.07605999999999999,0.10420589234779384
214,-500.0,2 days 04:30:00,C,0.16964545454545457,0.0301811310821956
215,-500.0,2 days 04:30:00,P,0.03565,0.0873243093302203
216,-500.0,5 days 00:30:00,C,0.12485490196078432,0.02745803571798602
217,-500.0,5 days 00:30:00,P,0.0746,0.10550033175303289
218,-500.0,5 days 04:30:00,C,0.1282359375,0.0283698776493185
219,-500.0,5 days 04:30:00,P,0.11175,0.08936506588147294
220,-500.0,6 days 00:00:00,C,0.12180666666666666,0.027141942442427038
221,-500.0,6 days 00:00:00,P,0.17143333333333333,0.05919175055135075
222,-500.0,6 days 04:30:00,C,0.12187397260273973,0.0251629524157444
223,-500.0,6 days 04:30:00,P,0.142375,0.021053958455992713
224,-450.0,0 days 00:45:00,C,0.78881,0.1580711685707843
225,-450.0,0 days 00:45:00,P,0.0,0.0
226,-450.0,0 days 01:00:00,C,0.6449750000000001,0.11478444653639558
227,-450.0,0 days 01:00:00,P,0.41634000000000004,0.5712032457890973
228,-450.0,0 days 01:30:00,C,0.5828,0.12827507552131867
229,-450.0,0 days 01:30:00,P,0.49076666666666674,0.7929306468201786
230,-450.0,0 days 04:30:00,C,0.4013135135135135,0.07587321355086085
231,-450.0,0 days 04:30:00,P,0.13268461538461537,0.2533549810251545
232,-450.0,1 days 00:30:00,C,0.19793793103448276,0.06701878954971777
233,-450.0,1 days 00:30:00,P,0.12086000000000001,0.11108360815169807
234,-450.0,1 days 04:30:00,C,0.19547826086956524,0.05204684177863662
235,-450.0,1 days 04:30:00,P,0.09678888888888888,0.11567763876874004
236,-450.0,2 days 00:30:00,C,0.1718590909090909,0.09767997418761876
237,-450.0,2 days 00:30:00,P,0.19076666666666667,0.2715564815405198
238,-450.0,2 days 04:30:00,C,0.16556875,0.05199124735556267
239,-450.0,2 days 04:30:00,P,0.1749125,0.1334118589449336
240,-450.0,5 days 00:30:00,C,0.12339821428571429,0.02793117184060866
241,-450.0,5 days 00:30:00,P,0.077825,0.0838296699947493
242,-450.0,5 days 04:30:00,C,0.12249870129870129,0.02728812877379819
243,-450.0,5 days 04:30:00,P,0.11280000000000001,0.07198430384465769
244,-450.0,6 days 00:00:00,C,0.11820806451612903,0.028915956785972488
245,-450.0,6 days 00:00:00,P,0.0832,0.073659826228413
246,-450.0,6 days 04:30:00,C,0.12394666666666666,0.028662072751537256
247,-450.0,6 days 04:30:00,P,0.09133636363636363,0.06430897717624302
248,-400.0,0 days 00:45:00,C,0.761225,0.1416948204517623
249,-400.0,0 days 00:45:00,P,0.21561818181818185,0.4057895533849579
250,-400.0,0 days 01:00:00,C,0.6119454545454546,0.12948760066999748
251,-400.0,0 days 01:00:00,P,0.3302,0.5174534297886139
252,-400.0,0 days 01:30:00,C,0.5466,0.10034127918106438
253,-400.0,0 days 01:30:00,P,0.16288333333333332,0.3989810542703333
254,-400.0,0 days 04:30:00,C,0.36797083333333336,0.07709080845487969
255,-400.0,0 days 04:30:00,P,0.18646470588235295,0.27188440774798134
256,-400.0,1 days 00:30:00,C,0.18693409090909088,0.06026602245000935
257,-400.0,1 days 00:30:00,P,0.07538333333333334,0.11711615459306486
258,-400.0,1 days 04:30:00,C,0.18121666666666666,0.05022445608167962
259,-400.0,1 days 04:30:00,P,0.1025888888888889,0.10986788798578734
260,-400.0,2 days 00:30:00,C,0.149095,0.03274706054863966
261,-400.0,2 days 00:30:00,P,0.056933333333333336,0.08856000602228224
262,-400.0,2 days 04:30:00,C,0.155636,0.03317831284503844
263,-400.0,2 days 04:30:00,P,0.10471176470588235,0.09399449373735237
264,-400.0,5 days 00:30:00,C,0.11724153846153847,0.02875580861054257
265,-400.0,5 days 00:30:00,P,0.075025,0.08187485045093906
266,-400.0,5 days 04:30:00,C,0.12162716049382717,0.03008883518992418
267,-400.0,5 days 04:30:00,P,0.089085,0.07946012091476752
268,-400.0,6 days 00:00:00,C,0.11773698630136985,0.02821937625722851
269,-400.0,6 days 00:00:00,P,0.10844999999999999,0.06115468093286073
270,-400.0,6 days 04:30:00,C,0.12055975609756096,0.028934100773898238
271,-400.0,6 days 04:30:00,P,0.08549333333333334,0.0655343472285081
272,-350.0,0 days 00:45:00,C,0.6176777777777778,0.13833754712457655
273,-350.0,0 days 00:45:00,P,0.3906733333333333,0.5257863763200883
274,-350.0,0 days 01:00:00,C,0.552845,0.07540259994819387
275,-350.0,0 days 01:00:00,P,0.33554,0.5462394671099585
276,-350.0,0 days 01:30:00,C,0.49477222222222217,0.07377745395727815
277,-350.0,0 days 01:30:00,P,0.07715833333333333,0.18727444837764579
278,-350.0,0 days 04:30:00,C,0.329801724137931,0.07770577320867252
279,-350.0,0 days 04:30:00,P,0.19916785714285715,0.2565865503440512
280,-350.0,1 days 00:30:00,C,0.17623829787234044,0.062046289007872756
281,-350.0,1 days 00:30:00,P,0.12033333333333333,0.10883931720521298
282,-350.0,1 days 04:30:00,C,0.1697753086419753,0.049382852618252496
283,-350.0,1 days 04:30:00,P,0.0917,0.12464964678828594
284,-350.0,2 days 00:30:00,C,0.14537121212121212,0.03490885171040328
285,-350.0,2 days 00:30:00,P,0.08071428571428571,0.19111243511907555
286,-350.0,2 days 04:30:00,C,0.1561219512195122,0.05404105212395718
287,-350.0,2 days 04:30:00,P,0.09654444444444445,0.10464645730095704
288,-350.0,5 days 00:30:00,C,0.11437837837837839,0.029107901625853208
289,-350.0,5 days 00:30:00,P,0.08828,0.0772719058168713
290,-350.0,5 days 04:30:00,C,0.11995529411764705,0.02994905398729471
291,-350.0,5 days 04:30:00,P,0.10185,0.07188905054481728
292,-350.0,6 days 00:00:00,C,0.11767435897435896,0.028249856617944075
293,-350.0,6 days 00:00:00,P,0.08673684210526315,0.06591905145729297
294,-350.0,6 days 04:30:00,C,0.12182727272727273,0.0300009069873345
295,-350.0,6 days 04:30:00,P,0.1086925925925926,0.05930108914505006
296,-300.0,0 days 00:45:00,C,0.5442421052631579,0.07369931641315333
297,-300.0,0 days 00:45:00,P,0.40065769230769227,0.6475771220005087
298,-300.0,0 days 01:00:00,C,0.49256666666666665,0.07620434152111454
299,-300.0,0 days 01:00:00,P,0.2308947368421053,0.3699579232436579
300,-300.0,0 days 01:30:00,C,0.418035,0.07221400414557305
301,-300.0,0 days 01:30:00,P,0.11811176470588235,0.27578402301971944
302,-300.0,0 days 04:30:00,C,0.30189220779220777,0.0785891444328865
303,-300.0,0 days 04:30:00,P,0.16964857142857143,0.2211592816626655
304,-300.0,1 days 00:30:00,C,0.16448615384615384,0.05924180554336998
305,-300.0,1 days 00:30:00,P,0.14082857142857144,0.09744370755906788
306,-300.0,1 days 04:30:00,C,0.16446321839080458,0.05072783538201461
307,-300.0,1 days 04:30:00,P,0.09385294117647058,0.11312756070510555
308,-300.0,2 days 00:30:00,C,0.138788,0.036943466525475366
309,-300.0,2 days 00:30:00,P,0.05478947368421052,0.08489875600931868
310,-300.0,2 days 04:30:00,C,0.14996588235294117,0.03698266502842976
311,-300.0,2 days 04:30:00,P,0.08689285714285713,0.08473843080357497
312,-300.0,5 days 00:30:00,C,0.1141567901234568,0.03066471888943221
313,-300.0,5 days 00:30:00,P,0.08436296296296296,0.0680505476615511
314,-300.0,5 days 04:30:00,C,0.12021136363636363,0.03140858449100051
315,-300.0,5 days 04:30:00,P,0.09814473684210527,0.06021550351398209
316,-300.0,6 days 00:00:00,C,0.11765238095238095,0.029393727206362283
317,-300.0,6 days 00:00:00,P,0.10908888888888889,0.0551078895184663
318,-300.0,6 days 04:30:00,C,0.12165465116279069,0.02999617880360859
319,-300.0,6 days 04:30:00,P,0.10944102564102565,0.04819488790289909
320,-250.0,0 days 00:45:00,C,0.4824375,0.08052882561740951
321,-250.0,0 days 00:45:00,P,0.25569761904761906,0.43115995135532864
322,-250.0,0 days 01:00:00,C,0.432409375,0.08365954184390598
323,-250.0,0 days 01:00:00,P,0.28758214285714284,0.3396762282522616
324,-250.0,0 days 01:30:00,C,0.36291666666666667,0.06405726065229783
325,-250.0,0 days 01:30:00,P,0.19306764705882354,0.29940190351876445
326,-250.0,0 days 04:30:00,C,0.2749021978021978,0.0817545975302809
327,-250.0,0 days 04:30:00,P,0.11879827586206897,0.18238110714267863
328,-250.0,1 days 00:30:00,C,0.15311265822784811,0.05894313071281374
329,-250.0,1 days 00:30:00,P,0.11687,0.08473558329841765
330,-250.0,1 days 04:30:00,C,0.16004835164835163,0.05339507543384577
331,-250.0,1 days 04:30:00,P,0.08617499999999999,0.08681450785732651
332,-250.0,2 days 00:30:00,C,0.14730000000000001,0.0832377633649535
333,-250.0,2 days 00:30:00,P,0.08904883720930233,0.1257466715872925
334,-250.0,2 days 04:30:00,C,0.154016091954023,0.05424852987733322
335,-250.0,2 days 04:30:00,P,0.10835333333333333,0.08591949615313765
336,-250.0,5 days 00:30:00,C,0.114175,0.0314675923367181
337,-250.0,5 days 00:30:00,P,0.09223333333333333,0.05211879836351893
338,-250.0,5 days 04:30:00,C,0.12055517241379311,0.03163068777281891
339,-250.0,5 days 04:30:00,P,0.10604745762711865,0.04580301659969346
340,-250.0,6 days 00:00:00,C,0.11824418604651163,0.02962892706024722
341,-250.0,6 days 00:00:00,P,0.09880526315789473,0.044618339141733125
342,-250.0,6 days 04:30:00,C,0.12368068181818183,0.03125813129321031
343,-250.0,6 days 04:30:00,P,0.11492222222222222,0.04204614565902413
344,-200.0,0 days 00:45:00,C,0.40355294117647056,0.08309697070998723
345,-200.0,0 days 00:45:00,P,0.23292463768115942,0.36941926898284916
346,-200.0,0 days 01:00:00,C,0.36260526315789476,0.09015725036420022
347,-200.0,0 days 01:00:00,P,0.22776610169491526,0.32308269391435224
348,-200.0,0 days 01:30:00,C,0.31527777777777777,0.08776266594965763
349,-200.0,0 days 01:30:00,P,0.1689921875,0.2425884301567833
350,-200.0,0 days 04:30:00,C,0.2573443298969072,0.0930643471039798
351,-200.0,0 days 04:30:00,P,0.15813146067415731,0.175124574229257
352,-200.0,1 days 00:30:00,C,0.14935402298850575,0.061670615679418485
353,-200.0,1 days 00:30:00,P,0.09194347826086957,0.08270532467078681
354,-200.0,1 days 04:30:00,C,0.15873260869565217,0.05479541792966778
355,-200.0,1 days 04:30:00,P,0.09894,0.0832079271418325
356,-200.0,2 days 00:30:00,C,0.1382132530120482,0.04108256045374003
357,-200.0,2 days 00:30:00,P,0.0929875,0.06886795814521372
358,-200.0,2 days 04:30:00,C,0.15139655172413793,0.0402884265460011
359,-200.0,2 days 04:30:00,P,0.11451216216216217,0.06527876147240085
360,-200.0,5 days 00:30:00,C,0.11616,0.03193198202727912
361,-200.0,5 days 00:30:00,P,0.10315961538461539,0.0440956325240075
362,-200.0,5 days 04:30:00,C,0.12225113636363637,0.032448059270439776
363,-200.0,5 days 04:30:00,P,0.11270999999999999,0.03923172389049823
364,-200.0,6 days 00:00:00,C,0.11963522727272728,0.030558051179710024
365,-200.0,6 days 00:00:00,P,0.10919107142857143,0.0397249052944038
366,-200.0,6 days 04:30:00,C,0.12495909090909091,0.0316631430696498
367,-200.0,6 days 04:30:00,P,0.11232835820895522,0.03365215021258446
368,-150.0,0 days 00:45:00,C,0.32598513513513516,0.11520460854845786
369,-150.0,0 days 00:45:00,P,0.25316666666666665,0.35207193492856126
370,-150.0,0 days 01:00:00,C,0.3045423076923077,0.13093202808717574
371,-150.0,0 days 01:00:00,P,0.22967142857142858,0.28720830171049816
372,-150.0,0 days 01:30:00,C,0.26610243902439024,0.11516849489421986
373,-150.0,0 days 01:30:00,P,0.1554364705882353,0.20948730888202524
374,-150.0,0 days 04:30:00,C,0.24913265306122448,0.10611866512416215
375,-150.0,0 days 04:30:00,P,0.15703298969072166,0.15295446811718283
376,-150.0,1 days 00:30:00,C,0.14738351648351647,0.06517850235867015
377,-150.0,1 days 00:30:00,P,0.10672435897435897,0.0869298660227117
378,-150.0,1 days 04:30:00,C,0.16092717391304348,0.060295911517876756
379,-150.0,1 days 04:30:00,P,0.11696153846153845,0.08179263314997773
380,-150.0,2 days 00:30:00,C,0.148053488372093,0.08639325504401292
381,-150.0,2 days 00:30:00,P,0.12510833333333332,0.09294205032335935
382,-150.0,2 days 04:30:00,C,0.15774204545454545,0.057426446151639096
383,-150.0,2 days 04:30:00,P,0.13240963855421686,0.05728830301259486
384,-150.0,5 days 00:30:00,C,0.11645,0.03270742585227938
385,-150.0,5 days 00:30:00,P,0.1108943661971831,0.032946180733883224
386,-150.0,5 days 04:30:00,C,0.12311264367816092,0.032650530835806185
387,-150.0,5 days 04:30:00,P,0.11413414634146342,0.03303773831493273
388,-150.0,6 days 00:00:00,C,0.12114090909090908,0.031150449292395088
389,-150.0,6 days 00:00:00,P,0.1107625,0.029520641799485343
390,-150.0,6 days 04:30:00,C,0.12655568181818183,0.032309757459875604
391,-150.0,6 days 04:30:00,P,0.11918235294117646,0.03262572450014963
392,-100.0,0 days 00:45:00,C,0.2663978947368421,0.16981689386609689
393,-100.0,0 days 00:45:00,P,0.22268673469387754,0.2804377647987345
394,-100.0,0 days 01:00:00,C,0.25510625000000003,0.17313238367306044
395,-100.0,0 days 01:00:00,P,0.1989408163265306,0.22534680115563946
396,-100.0,0 days 01:30:00,C,0.24013645833333333,0.14982643791702288
397,-100.0,0 days 01:30:00,P,0.15963979591836736,0.17902233042754895
398,-100.0,0 days 04:30:00,C,0.250425,0.11631233758177753
399,-100.0,0 days 04:30:00,P,0.169727,0.13492029884866893
400,-100.0,1 days 00:30:00,C,0.15052111111111113,0.06798578750093541
401,-100.0,1 days 00:30:00,P,0.1218696629213483,0.0702503597604738
402,-100.0,1 days 04:30:00,C,0.16345978260869565,0.0592819414709708
403,-100.0,1 days 04:30:00,P,0.13005714285714287,0.05544476358975489
404,-100.0,2 days 00:30:00,C,0.14240804597701148,0.046374301770938264
405,-100.0,2 days 00:30:00,P,0.12228148148148148,0.04745715992110967
406,-100.0,2 days 04:30:00,C,0.15623333333333334,0.04362182264478082
407,-100.0,2 days 04:30:00,P,0.13708850574712644,0.045320341511488955
408,-100.0,5 days 00:30:00,C,0.11831860465116278,0.033490534261025454
409,-100.0,5 days 00:30:00,P,0.1101,0.031257470901841805
410,-100.0,5 days 04:30:00,C,0.1252943181818182,0.03341576253411969
411,-100.0,5 days 04:30:00,P,0.11732528735632183,0.03232015793476408
412,-100.0,6 days 00:00:00,C,0.12311494252873563,0.03166737198668639
413,-100.0,6 days 00:00:00,P,0.1161953488372093,0.03201169972507935
414,-100.0,6 days 04:30:00,C,0.12791704545454546,0.032672643911012794
415,-100.0,6 days 04:30:00,P,0.12069080459770115,0.02966142523580945
416,-50.0,0 days 00:45:00,C,0.2616939393939394,0.2563116525408089
417,-50.0,0 days 00:45:00,P,0.17811919191919193,0.1939478888967436
418,-50.0,0 days 01:00:00,C,0.2538212121212121,0.24080787255451186
419,-50.0,0 days 01:00:00,P,0.1655848484848485,0.16436673987231218
420,-50.0,0 days 01:30:00,C,0.24255454545454544,0.1996986005861503
421,-50.0,0 days 01:30:00,P,0.15238979591836735,0.1404506403297261
422,-50.0,0 days 04:30:00,C,0.2624989898989899,0.13965892672971467
423,-50.0,0 days 04:30:00,P,0.19422121212121213,0.09951292016692317
424,-50.0,1 days 00:30:00,C,0.155975,0.07345924881363636
425,-50.0,1 days 00:30:00,P,0.1322282608695652,0.061564839983686434
426,-50.0,1 days 04:30:00,C,0.1685282608695652,0.06697935605544092
427,-50.0,1 days 04:30:00,P,0.14256847826086957,0.057502204313883185
428,-50.0,2 days 00:30:00,C,0.15326022727272728,0.08707855027036872
429,-50.0,2 days 00:30:00,P,0.1362471264367816,0.08007381454964123
430,-50.0,2 days 04:30:00,C,0.1635693181818182,0.059460434750169856
431,-50.0,2 days 04:30:00,P,0.14505340909090908,0.053966624315113974
432,-50.0,5 days 00:30:00,C,0.11988390804597701,0.03429897236769374
433,-50.0,5 days 00:30:00,P,0.11260941176470587,0.031520528547090636
434,-50.0,5 days 04:30:00,C,0.1259279069767442,0.03331515341901372
435,-50.0,5 days 04:30:00,P,0.11855747126436782,0.031067389738422636
436,-50.0,6 days 00:00:00,C,0.12442386363636362,0.032433659946796166
437,-50.0,6 days 00:00:00,P,0.11767471264367817,0.031111140674111786
438,-50.0,6 days 04:30:00,C,0.1298625,0.03354369705427484
439,-50.0,6 days 04:30:00,P,0.12388636363636363,0.031856027350862404
440,50.0,0 days 00:45:00,C,0.31809899999999997,0.36513284326572587
441,50.0,0 days 00:45:00,P,0.18625858585858585,0.09923759163693045
442,50.0,0 days 01:00:00,C,0.27273673469387755,0.26794875428952886
443,50.0,0 days 01:00:00,P,0.180049,0.09014111439315806
444,50.0,0 days 01:30:00,C,0.2614313131313131,0.21490078234939156
445,50.0,0 days 01:30:00,P,0.17596326530612244,0.08345318261274957
446,50.0,0 days 04:30:00,C,0.2759020202020202,0.15576219576177724
447,50.0,0 days 04:30:00,P,0.21397100000000002,0.08217467143379724
448,50.0,1 days 00:30:00,C,0.15677222222222223,0.06952142831534923
449,50.0,1 days 00:30:00,P,0.13740769230769231,0.05737220432456671
450,50.0,1 days 04:30:00,C,0.1744521739130435,0.07071449868939537
451,50.0,1 days 04:30:00,P,0.1484891304347826,0.05564720791455844
452,50.0,2 days 00:30:00,C,0.14983023255813954,0.05382497358217421
453,50.0,2 days 00:30:00,P,0.13371529411764707,0.04057322746731945
454,50.0,2 days 04:30:00,C,0.16334367816091955,0.048427677318862467
455,50.0,2 days 04:30:00,P,0.14576206896551724,0.04014749910071236
456,50.0,5 days 00:30:00,C,0.12206309523809523,0.0357502911935631
457,50.0,5 days 00:30:00,P,0.11589767441860466,0.031297840469550864
458,50.0,5 days 04:30:00,C,0.1290344827586207,0.03490548643350474
459,50.0,5 days 04:30:00,P,0.12117727272727273,0.0312640395212956
460,50.0,6 days 00:00:00,C,0.1261344827586207,0.03345611088056421
461,50.0,6 days 00:00:00,P,0.12048409090909092,0.03158225125867934
462,50.0,6 days 04:30:00,C,0.1317215909090909,0.03468688330337544
463,50.0,6 days 04:30:00,P,0.12601136363636364,0.03213183486687659
464,100.0,0 days 00:45:00,C,0.38715,0.46317062213204496
465,100.0,0 days 00:45:00,P,0.2380677777777778,0.0546245259723402
466,100.0,0 days 01:00:00,C,0.3450711340206185,0.39833791192245593
467,100.0,0 days 01:00:00,P,0.2279757894736842,0.055418797632383165
468,100.0,0 days 01:30:00,C,0.3174142857142857,0.29413655885954054
469,100.0,0 days 01:30:00,P,0.20843229166666666,0.05960575298054036
470,100.0,0 days 04:30:00,C,0.29389897959183675,0.19248118477865156
471,100.0,0 days 04:30:00,P,0.22727272727272727,0.07733253904759181
472,100.0,1 days 00:30:00,C,0.15868522727272727,0.06327183742742111
473,100.0,1 days 00:30:00,P,0.14582857142857145,0.05959167966850982
474,100.0,1 days 04:30:00,C,0.18169021739130434,0.07692924544247019
475,100.0,1 days 04:30:00,P,0.15375652173913043,0.05419348994670779
476,100.0,2 days 00:30:00,C,0.14914938271604938,0.055117295659930544
477,100.0,2 days 00:30:00,P,0.14467906976744185,0.08266400186193727
478,100.0,2 days 04:30:00,C,0.17201379310344828,0.06619719865571103
479,100.0,2 days 04:30:00,P,0.15304204545454547,0.051254312342465976
480,100.0,5 days 00:30:00,C,0.1230780487804878,0.03540495544722254
481,100.0,5 days 00:30:00,P,0.11766704545454544,0.03133350350256155
482,100.0,5 days 04:30:00,C,0.12930595238095238,0.034699068947581735
483,100.0,5 days 04:30:00,P,0.12351724137931035,0.03164984370032514
484,100.0,6 days 00:00:00,C,0.12649753086419752,0.03277403307234496
485,100.0,6 days 00:00:00,P,0.12178941176470588,0.031203308064589395
486,100.0,6 days 04:30:00,C,0.13141785714285714,0.033329104328692065
487,100.0,6 days 04:30:00,P,0.12783181818181819,0.0321292023342197
488,150.0,0 days 00:45:00,C,0.48430434782608694,0.5349949698670882
489,150.0,0 days 00:45:00,P,0.32061081081081083,0.05063676061282927
490,150.0,0 days 01:00:00,C,0.4004551724137931,0.4186269838075089
491,150.0,0 days 01:00:00,P,0.29179066666666664,0.048672660546601375
492,150.0,0 days 01:30:00,C,0.320379012345679,0.34657448720154277
493,150.0,0 days 01:30:00,P,0.2594826666666667,0.05099793947436142
494,150.0,0 days 04:30:00,C,0.3065234693877551,0.2310026642417969
495,150.0,0 days 04:30:00,P,0.24247,0.0725533457519223
496,150.0,1 days 00:30:00,C,0.15893636363636363,0.09516311468804069
497,150.0,1 days 00:30:00,P,0.15107045454545454,0.05611405290231981
498,150.0,1 days 04:30:00,C,0.18319000000000002,0.0778530711365535
499,150.0,1 days 04:30:00,P,0.15878241758241757,0.055161382613819
500,150.0,2 days 00:30:00,C,0.15040666666666666,0.061670240788163425
501,150.0,2 days 00:30:00,P,0.1397139534883721,0.03894868468002088
502,150.0,2 days 04:30:00,C,0.16721282051282052,0.05434695025786637
503,150.0,2 days 04:30:00,P,0.15313908045977012,0.039706616976301984
504,150.0,5 days 00:30:00,C,0.1229409090909091,0.036784080909975286
505,150.0,5 days 00:30:00,P,0.11910813953488372,0.03129258215095742
506,150.0,5 days 04:30:00,C,0.13124197530864196,0.03527400907253644
507,150.0,5 days 04:30:00,P,0.1254659090909091,0.03136888379315435
508,150.0,6 days 00:00:00,C,0.1282788732394366,0.03478129594025649
509,150.0,6 days 00:00:00,P,0.12394942528735632,0.03181452379157151
510,150.0,6 days 04:30:00,C,0.13003972602739727,0.03144795850875444
511,150.0,6 days 04:30:00,P,0.1298068181818182,0.032503788622515024
512,200.0,0 days 00:45:00,C,0.4744824561403509,0.5684478013863741
513,200.0,0 days 00:45:00,P,0.4101591836734694,0.05789314480995483
514,200.0,0 days 01:00:00,C,0.4211508474576271,0.48441013663362514
515,200.0,0 days 01:00:00,P,0.3563204081632653,0.05300105729917032
516,200.0,0 days 01:30:00,C,0.33481999999999995,0.36167352578566947
517,200.0,0 days 01:30:00,P,0.3110614035087719,0.04755119329427259
518,200.0,0 days 04:30:00,C,0.26824155844155845,0.22553482946720768
519,200.0,0 days 04:30:00,P,0.261639,0.07095654367215888
520,200.0,1 days 00:30:00,C,0.15433157894736843,0.09296846461856748
521,200.0,1 days 00:30:00,P,0.15992386363636363,0.05898975362871584
522,200.0,1 days 04:30:00,C,0.18534415584415584,0.09003541480630724
523,200.0,1 days 04:30:00,P,0.16542717391304348,0.054019583553652835
524,200.0,2 days 00:30:00,C,0.15758125,0.12211176892110995
525,200.0,2 days 00:30:00,P,0.1539548780487805,0.08255976533671883
526,200.0,2 days 04:30:00,C,0.16873698630136985,0.05906342049688179
527,200.0,2 days 04:30:00,P,0.16046022727272727,0.05107368474577659
528,200.0,5 days 00:30:00,C,0.12260512820512821,0.034529041542613825
529,200.0,5 days 00:30:00,P,0.12010602409638554,0.029452402069405973
530,200.0,5 days 04:30:00,C,0.13076764705882354,0.036115893227701944
531,200.0,5 days 04:30:00,P,0.1277715909090909,0.03174815389279881
532,200.0,6 days 00:00:00,C,0.1307618181818182,0.033418150373872794
533,200.0,6 days 00:00:00,P,0.1247735632183908,0.02822205742903826
534,200.0,6 days 04:30:00,C,0.1375241379310345,0.03785150723711002
535,200.0,6 days 04:30:00,P,0.13179545454545455,0.03286226886162218
536,250.0,0 days 00:45:00,C,0.5727633333333333,0.6796809644508088
537,250.0,0 days 00:45:00,P,0.48066571428571425,0.07969027892172197
538,250.0,0 days 01:00:00,C,0.5261184210526316,0.5451161477303331
539,250.0,0 days 01:00:00,P,0.41943684210526316,0.06849852403638773
540,250.0,0 days 01:30:00,C,0.4478972222222223,0.43290540734246924
541,250.0,0 days 01:30:00,P,0.3654488888888889,0.05795478497078648
542,250.0,0 days 04:30:00,C,0.3108666666666667,0.262440121288466
543,250.0,0 days 04:30:00,P,0.28779787234042553,0.0682901636184692
544,250.0,1 days 00:30:00,C,0.17475263157894738,0.13423484812948938
545,250.0,1 days 00:30:00,P,0.1674831168831169,0.05687992986753904
546,250.0,1 days 04:30:00,C,0.1792206896551724,0.11218713964296632
547,250.0,1 days 04:30:00,P,0.1705032967032967,0.053251872060049485
548,250.0,2 days 00:30:00,C,0.1452,0.07596436884048555
549,250.0,2 days 00:30:00,P,0.14919024390243904,0.038739725391341726
550,250.0,2 days 04:30:00,C,0.17259038461538462,0.06151754176612725
551,250.0,2 days 04:30:00,P,0.16088045977011495,0.03990467664811737
552,250.0,5 days 00:30:00,C,0.12995652173913044,0.048162913175321904
553,250.0,5 days 00:30:00,P,0.12498705882352942,0.03181186431953641
554,250.0,5 days 04:30:00,C,0.13751794871794873,0.042298095464122706
555,250.0,5 days 04:30:00,P,0.12995454545454546,0.032088985144549304
556,250.0,6 days 00:00:00,C,0.13028048780487805,0.03450058129591584
557,250.0,6 days 00:00:00,P,0.12857613636363638,0.03259094788052821
558,250.0,6 days 04:30:00,C,0.13268627450980394,0.03356361732357133
559,250.0,6 days 04:30:00,P,0.13183488372093022,0.03087124596826922
560,300.0,0 days 00:45:00,C,0.6785827586206896,0.7154680181875785
561,300.0,0 days 00:45:00,P,0.558825,0.0855647670005117
562,300.0,0 days 01:00:00,C,0.5968384615384615,0.5773506332044146
563,300.0,0 days 01:00:00,P,0.4937533333333333,0.06465690742806159
564,300.0,0 days 01:30:00,C,0.5354107142857143,0.5120605746424681
565,300.0,0 days 01:30:00,P,0.4068178571428572,0.04889386126409088
566,300.0,0 days 04:30:00,C,0.335180487804878,0.2903682302004751
567,300.0,0 days 04:30:00,P,0.31507857142857143,0.06994386057167226
568,300.0,1 days 00:30:00,C,0.18557727272727273,0.122220580964318
569,300.0,1 days 00:30:00,P,0.180588,0.060724050091042654
570,300.0,1 days 04:30:00,C,0.19440277777777779,0.12082322502875513
571,300.0,1 days 04:30:00,P,0.17970111111111112,0.0532384766124087
572,300.0,2 days 00:30:00,C,0.12180588235294118,0.10333069770516065
573,300.0,2 days 00:30:00,P,0.15638311688311687,0.03940052231352099
574,300.0,2 days 04:30:00,C,0.18127954545454547,0.07339769839730086
575,300.0,2 days 04:30:00,P,0.16661547619047617,0.04922425079201887
576,300.0,5 days 00:30:00,C,0.12374,0.05255171287708698
577,300.0,5 days 00:30:00,P,0.12655624999999998,0.03026755728059629
578,300.0,5 days 04:30:00,C,0.12681,0.051986864057016934
579,300.0,5 days 04:30:00,P,0.13227954545454546,0.03205912698093197
580,300.0,6 days 00:00:00,C,0.12270967741935483,0.04406021149017716
581,300.0,6 days 00:00:00,P,0.12760595238095238,0.028179456548542568
582,300.0,6 days 04:30:00,C,0.13435,0.04503703852064075
583,300.0,6 days 04:30:00,P,0.13559540229885056,0.03357834610954734
584,350.0,0 days 00:45:00,C,0.42664117647058825,0.6172634000761178
585,350.0,0 days 00:45:00,P,0.6356777777777778,0.10923646533771184
586,350.0,0 days 01:00:00,C,0.6708117647058823,0.8018719722330624
587,350.0,0 days 01:00:00,P,0.5731839999999999,0.1010292477453931
588,350.0,0 days 01:30:00,C,0.5454866666666667,0.5772534153418319
589,350.0,0 days 01:30:00,P,0.46062916666666665,0.06648813872097577
590,350.0,0 days 04:30:00,C,0.26731935483870967,0.3378894981295461
591,350.0,0 days 04:30:00,P,0.3428342105263158,0.06789042063527881
592,350.0,1 days 00:30:00,C,0.1403578947368421,0.13188138321903545
593,350.0,1 days 00:30:00,P,0.18904833333333335,0.059702234270051883
594,350.0,1 days 04:30:00,C,0.17647142857142858,0.1386432348181712
595,350.0,1 days 04:30:00,P,0.18759878048780487,0.05373823498896292
596,350.0,2 days 00:30:00,C,0.12750625,0.13000862775857097
597,350.0,2 days 00:30:00,P,0.158448,0.03682131565393184
598,350.0,2 days 04:30:00,C,0.15952,0.0996187078182026
599,350.0,2 days 04:30:00,P,0.17011309523809523,0.039799633042329335
600,350.0,5 days 00:30:00,C,0.10752222222222223,0.05524492686613355
601,350.0,5 days 00:30:00,P,0.12746666666666667,0.029470591691513205
602,350.0,5 days 04:30:00,C,0.12344736842105263,0.06004273819003198
603,350.0,5 days 04:30:00,P,0.13196666666666668,0.02973202943455406
604,350.0,6 days 00:00:00,C,0.133364,0.05429151928862064
605,350.0,6 days 00:00:00,P,0.1327,0.03213987127076281
606,350.0,6 days 04:30:00,C,0.12395652173913044,0.0355614043347682
607,350.0,6 days 04:30:00,P,0.1345686746987952,0.030723947630118344
608,400.0,0 days 00:45:00,C,0.6316466666666667,0.8658854781309681
609,400.0,0 days 00:45:00,P,0.7191933333333334,0.12212626643102188
610,400.0,0 days 01:00:00,C,0.4878416666666667,0.6589867269436303
611,400.0,0 days 01:00:00,P,0.6566681818181818,0.10184835312675425
612,400.0,0 days 01:30:00,C,0.6419466666666668,0.5033037720426711
613,400.0,0 days 01:30:00,P,0.5233153846153846,0.04248517086690064
614,400.0,0 days 04:30:00,C,0.3290315789473684,0.39502644785244945
615,400.0,0 days 04:30:00,P,0.3788620689655172,0.07877018054449732
616,400.0,1 days 00:30:00,C,0.11295714285714285,0.15938533869360816
617,400.0,1 days 00:30:00,P,0.20080576923076923,0.06649964886671719
618,400.0,1 days 04:30:00,C,0.192275,0.1681178217798458
619,400.0,1 days 04:30:00,P,0.19973684210526316,0.05426993726943186
620,400.0,2 days 00:30:00,C,0.1412125,0.11982069267391648
621,400.0,2 days 00:30:00,P,0.16791186440677966,0.03679474327497003
622,400.0,2 days 04:30:00,C,0.15558636363636363,0.12095628606454539
623,400.0,2 days 04:30:00,P,0.17739268292682928,0.05065877077970377
624,400.0,5 days 00:30:00,C,0.08405833333333333,0.04751308830844466
625,400.0,5 days 00:30:00,P,0.13342089552238806,0.031234783142736353
626,400.0,5 days 04:30:00,C,0.12017058823529411,0.0497280072583082
627,400.0,5 days 04:30:00,P,0.13666172839506172,0.030986442873865157
628,400.0,6 days 00:00:00,C,0.10555833333333332,0.04846604168868855
629,400.0,6 days 00:00:00,P,0.13008695652173913,0.025222037009233433
630,400.0,6 days 04:30:00,C,0.1255105263157895,0.056849390642066414
631,400.0,6 days 04:30:00,P,0.13998390804597702,0.033967953000750783
632,450.0,0 days 00:45:00,C,0.23357777777777777,0.7007333333333333
633,450.0,0 days 00:45:00,P,0.8391500000000001,0.14885415121296866
634,450.0,0 days 01:00:00,C,0.44656,0.6040069558098372
635,450.0,0 days 01:00:00,P,0.7295235294117647,0.14048547313428786
636,450.0,0 days 01:30:00,C,0.5192777777777778,0.6297174778775356
637,450.0,0 days 01:30:00,P,0.5997933333333333,0.08936449012464683
638,450.0,0 days 04:30:00,C,0.34643333333333337,0.417622911812305
639,450.0,0 days 04:30:00,P,0.40593114754098364,0.0694081732482652
640,450.0,1 days 00:30:00,C,0.2546090909090909,0.20588876343572257
641,450.0,1 days 00:30:00,P,0.2146657894736842,0.06886341073857057
642,450.0,1 days 04:30:00,C,0.157475,0.18498850639972203
643,450.0,1 days 04:30:00,P,0.2097056338028169,0.05362571314830212
644,450.0,2 days 00:30:00,C,0.0545,0.109
645,450.0,2 days 00:30:00,P,0.1778142857142857,0.039314962164550035
646,450.0,2 days 04:30:00,C,0.24283333333333335,0.09840187852358155
647,450.0,2 days 04:30:00,P,0.18286052631578947,0.040355203147210535
648,450.0,5 days 00:30:00,C,0.09403333333333334,0.08609298848725526
649,450.0,5 days 00:30:00,P,0.1338,0.02945006535147841
650,450.0,5 days 04:30:00,C,0.12897142857142857,0.06275841814146567
651,450.0,5 days 04:30:00,P,0.1365451219512195,0.027956554267794774
652,450.0,6 days 00:00:00,C,0.12693333333333334,0.031322303023032426
653,450.0,6 days 00:00:00,P,0.14080684931506848,0.03440911672139265
654,450.0,6 days 04:30:00,C,0.1238294117647059,0.07474948799745958
655,450.0,6 days 04:30:00,P,0.1355076923076923,0.026759553551838382
656,500.0,0 days 00:45:00,C,0.46815000000000007,0.7253250133560817
657,500.0,0 days 00:45:00,P,0.8268181818181819,0.13927248700430264
658,500.0,0 days 01:00:00,C,0.3226,0.6452
659,500.0,0 days 01:00:00,P,0.7777714285714286,0.13979410710381315
660,500.0,0 days 01:30:00,C,0.0,0.0
661,500.0,0 days 01:30:00,P,0.63652,0.07563335243131827
662,500.0,0 days 04:30:00,C,0.3051,0.33674873017240503
663,500.0,0 days 04:30:00,P,0.429605,0.08504766974000595
664,500.0,1 days 00:30:00,C,0.16056666666666666,0.1392876280698804
665,500.0,1 days 00:30:00,P,0.22934,0.07101782791914256
666,500.0,1 days 04:30:00,C,0.23557999999999998,0.19610920880411958
667,500.0,1 days 04:30:00,P,0.22159375,0.05542052761344283
668,500.0,2 days 00:30:00,C,0.1475,0.14385919041433073
669,500.0,2 days 00:30:00,P,0.18478108108108107,0.037041994470524316
670,500.0,2 days 04:30:00,C,0.15888333333333335,0.1215632408055639
671,500.0,2 days 04:30:00,P,0.19137777777777776,0.05016983893390678
672,500.0,5 days 00:30:00,C,0.1196,
673,500.0,5 days 00:30:00,P,0.14348947368421053,0.03118978589796508
674,500.0,5 days 04:30:00,C,0.12818888888888888,0.07447129387294886
675,500.0,5 days 04:30:00,P,0.14483866666666667,0.030360286530238777
676,500.0,6 days 00:00:00,C,0.05575,0.07884240610230005
677,500.0,6 days 00:00:00,P,0.13681639344262295,0.023289505364204047
678,500.0,6 days 04:30:00,C,0.12388571428571428,0.07120169540517578
679,500.0,6 days 04:30:00,P,0.14579999999999999,0.03445227849752303
680,550.0,0 days 00:45:00,C,0.88232,0.8266331060391907
681,550.0,0 days 00:45:00,P,1.0032999999999999,0.16402138749430076
682,550.0,0 days 01:00:00,C,0.9843000000000001,0.8566810550023854
683,550.0,0 days 01:00:00,P,0.9483375,0.1851955178221886
684,550.0,0 days 01:30:00,C,0.63754,0.635723688405584
685,550.0,0 days 01:30:00,P,0.6282714285714286,0.0614943822443892
686,550.0,0 days 04:30:00,C,0.14438571428571428,0.24791142523470908
687,550.0,0 days 04:30:00,P,0.4546034482758621,0.09005936329031067
688,550.0,1 days 00:30:00,C,0.17106666666666667,0.15830822257019164
689,550.0,1 days 00:30:00,P,0.24167692307692307,0.08314941879624804
690,550.0,1 days 04:30:00,C,0.0736,0.12747893943706937
691,550.0,1 days 04:30:00,P,0.233936,0.05861201297776866
692,550.0,2 days 00:30:00,C,0.0,
693,550.0,2 days 00:30:00,P,0.19117894736842106,0.03485698315313153
694,550.0,2 days 04:30:00,C,0.13804,0.13212913380477448
695,550.0,2 days 04:30:00,P,0.1953060606060606,0.0402316097644927
696,550.0,5 days 00:30:00,C,0.0426,0.07378536440243416
697,550.0,5 days 00:30:00,P,0.1424744680851064,0.029529377178646052
698,550.0,5 days 04:30:00,C,0.13735,0.03655742058734452
699,550.0,5 days 04:30:00,P,0.14631428571428573,0.029347555028913657
700,550.0,6 days 00:00:00,C,0.14475,0.008697413408594529
701,550.0,6 days 00:00:00,P,0.151340625,0.03457845332752479
702,550.0,6 days 04:30:00,C,0.12217142857142857,0.057633575696975865
703,550.0,6 days 04:30:00,P,0.1421840579710145,0.02647599702720986
704,600.0,0 days 00:45:00,C,0.37928,0.8480958625061203
705,600.0,0 days 00:45:00,P,1.0858333333333332,0.18131711079395305
706,600.0,0 days 01:00:00,C,1.4909,
707,600.0,0 days 01:00:00,P,1.0319,0.2395810231772681
708,600.0,0 days 01:30:00,C,0.71985,1.0180216328742724
709,600.0,0 days 01:30:00,P,0.741211111111111,0.08427280766125636
710,600.0,0 days 04:30:00,C,0.42096,0.38985242464296666
711,600.0,0 days 04:30:00,P,0.4835448275862069,0.09360582470508562
712,600.0,1 days 00:30:00,C,0.2388,
713,600.0,1 days 00:30:00,P,0.26323125,0.09983112219309834
714,600.0,1 days 04:30:00,C,0.2273,0.30907452175810285
715,600.0,1 days 04:30:00,P,0.2449642857142857,0.06482635274680322
716,600.0,2 days 00:30:00,P,0.2032925925925926,0.03370080946215623
717,600.0,2 days 04:30:00,C,0.21424000000000004,0.16467066526858995
718,600.0,2 days 04:30:00,P,0.20722459016393444,0.054941801498609104
719,600.0,5 days 00:30:00,C,0.10805000000000001,0.020152543263816606
720,600.0,5 days 00:30:00,P,0.1582,0.032152031940372555
721,600.0,5 days 04:30:00,C,0.0733,0.10366185412194788
722,600.0,5 days 04:30:00,P,0.1505582089552239,0.031234237960705544
723,600.0,6 days 00:00:00,C,0.0661,0.11448855838030278
724,600.0,6 days 00:00:00,P,0.1446977777777778,0.02297628707334515
725,600.0,6 days 04:30:00,C,0.1389,0.04435008455459809
726,600.0,6 days 04:30:00,P,0.15437142857142858,0.03362744860287754
727,650.0,0 days 00:45:00,P,1.1341,0.1995448019869222
728,650.0,0 days 01:00:00,C,1.5417999999999998,1.2909618713708524
729,650.0,0 days 01:00:00,P,0.8450200000000001,0.13127563368729167
730,650.0,0 days 01:30:00,C,1.4814500000000002,0.3645135457016652
731,650.0,0 days 01:30:00,P,0.9165571428571428,0.13679793927715506
732,650.0,0 days 04:30:00,C,0.34203333333333336,0.5578086290715362
733,650.0,0 days 04:30:00,P,0.48711666666666664,0.0772152703227444
734,650.0,1 days 00:30:00,P,0.2755,0.09375322216684966
735,650.0,1 days 04:30:00,C,0.04636,0.10366411143689026
736,650.0,1 days 04:30:00,P,0.2622361111111111,0.06702365106130298
737,650.0,2 days 00:30:00,P,0.20756666666666668,0.03882611310475889
738,650.0,2 days 04:30:00,C,0.1867,0.1388561125770126
739,650.0,2 days 04:30:00,P,0.21364074074074074,0.03867485418990953
740,650.0,5 days 00:30:00,P,0.15536551724137931,0.030094307433491098
741,650.0,5 days 04:30:00,P,0.15482045454545454,0.0251130798824822
742,650.0,6 days 00:00:00,C,0.12966666666666668,0.11329257110096261
743,650.0,6 days 00:00:00,P,0.15902340425531916,0.0375478779158716
744,650.0,6 days 04:30:00,C,0.1018,0.09079273098657183
745,650.0,6 days 04:30:00,P,0.14910344827586205,0.02464025351257459
746,700.0,0 days 00:45:00,C,0.0,
747,700.0,0 days 00:45:00,P,1.013625,0.08231591077468961
748,700.0,0 days 01:00:00,P,1.07945,0.22012789691449838
749,700.0,0 days 01:30:00,C,1.3789,
750,700.0,0 days 01:30:00,P,0.8888333333333334,0.11869417284208471
751,700.0,0 days 04:30:00,C,0.0,0.0
752,700.0,0 days 04:30:00,P,0.5602961538461538,0.10076733391638079
753,700.0,1 days 00:30:00,P,0.28601666666666664,0.10572073705013718
754,700.0,1 days 04:30:00,C,0.3338,0.4720644871201391
755,700.0,1 days 04:30:00,P,0.2789379310344828,0.07544288953427479
756,700.0,2 days 00:30:00,C,0.0,0.0
757,700.0,2 days 00:30:00,P,0.21035,0.03927582256420912
758,700.0,2 days 04:30:00,C,0.071975,0.14395
759,700.0,2 days 04:30:00,P,0.22617755102040815,0.05859023050427623
760,700.0,5 days 00:30:00,C,0.06695,0.0946815980008787
761,700.0,5 days 00:30:00,P,0.167178125,0.03404528989615013
762,700.0,5 days 04:30:00,P,0.161998,0.02983456761023687
763,700.0,6 days 00:00:00,C,0.2078,
764,700.0,6 days 00:00:00,P,0.15013939393939393,0.021633494565631597
765,700.0,6 days 04:30:00,C,0.12255,0.17331187206882281
766,700.0,6 days 04:30:00,P,0.16036923076923076,0.03516634163103134
767,750.0,0 days 00:45:00,C,0.93535,1.3227846555656746
768,750.0,0 days 00:45:00,P,1.244675,0.22424741358597658
769,750.0,0 days 01:00:00,C,0.61835,0.8744789562934033
770,750.0,0 days 01:00:00,P,1.1184833333333335,0.18351102873306188
771,750.0,0 days 01:30:00,C,0.0,
772,750.0,0 days 01:30:00,P,0.9496,0.2346659043548224
773,750.0,0 days 04:30:00,C,0.37095,0.5246025209622996
774,750.0,0 days 04:30:00,P,0.568025,0.10338111847864069
775,750.0,1 days 00:30:00,C,0.13385,0.18929248532363877
776,750.0,1 days 00:30:00,P,0.28023846153846155,0.10376898652344334
777,750.0,1 days 04:30:00,C,0.0,0.0
778,750.0,1 days 04:30:00,P,0.28047272727272726,0.07763158526207638
779,750.0,2 days 00:30:00,P,0.23376666666666665,0.04903397381648048
780,750.0,2 days 04:30:00,C,0.0,0.0
781,750.0,2 days 04:30:00,P,0.22435,0.03459288499543933
782,750.0,5 days 00:30:00,P,0.16515454545454544,0.030459414484456708
783,750.0,5 days 04:30:00,C,0.0756,0.10691454531540599
784,750.0,5 days 04:30:00,P,0.16437142857142858,0.02341528625176512
785,750.0,6 days 00:00:00,C,0.2536,
786,750.0,6 days 00:00:00,P,0.17063684210526314,0.038602957603066194
787,750.0,6 days 04:30:00,C,0.2894,
788,750.0,6 days 04:30:00,P,0.15653636363636364,0.02503014081582527
789,800.0,0 days 00:45:00,C,0.9122,1.2900456115967374
790,800.0,0 days 00:45:00,P,1.3620333333333334,0.2057366828416038
791,800.0,0 days 01:00:00,C,0.85125,1.2038492949700972
792,800.0,0 days 01:00:00,P,1.4298,0.18892826681044836
793,800.0,0 days 01:30:00,P,0.9305714285714286,0.15508859526397284
794,800.0,0 days 04:30:00,C,0.0,
795,800.0,0 days 04:30:00,P,0.6151846153846153,0.10300526561098586
796,800.0,1 days 00:30:00,C,0.18805,0.2659428604042605
797,800.0,1 days 00:30:00,P,0.26622,0.019980034478893616
798,800.0,1 days 04:30:00,C,0.26854,0.36771906124105125
799,800.0,1 days 04:30:00,P,0.31463529411764707,0.08875695705954878
800,800.0,2 days 00:30:00,P,0.24440000000000003,0.04003898100601464
801,800.0,2 days 04:30:00,C,0.1375333333333333,0.12121391559277893
802,800.0,2 days 04:30:00,P,0.24286097560975609,0.05918523413001245
803,800.0,5 days 00:30:00,C,0.1515,
804,800.0,5 days 00:30:00,P,0.17989444444444447,0.03571839980972441
805,800.0,5 days 04:30:00,C,0.184,0.26021529547664946
806,800.0,5 days 04:30:00,P,0.17555757575757577,0.03048180840992532
807,800.0,6 days 00:00:00,C,0.07745,0.10953084040579622
808,800.0,6 days 00:00:00,P,0.16098387096774194,0.02261595449786416
809,800.0,6 days 04:30:00,C,0.1436,
810,800.0,6 days 04:30:00,P,0.17366222222222222,0.034516348490698026
811,850.0,0 days 00:45:00,C,0.0,
812,850.0,0 days 00:45:00,P,1.46026,0.28857922309133754
813,850.0,0 days 01:00:00,P,1.565,0.2538513344459706
814,850.0,0 days 01:30:00,C,0.0,
815,850.0,0 days 01:30:00,P,1.1227666666666665,0.20583729172981916
816,850.0,0 days 04:30:00,C,0.634925,0.44994387335162894
817,850.0,0 days 04:30:00,P,0.6263555555555556,0.12368784819395018
818,850.0,1 days 00:30:00,P,0.3272,0.11975397696945184
819,850.0,1 days 04:30:00,C,0.1594,0.22542564184227132
820,850.0,1 days 04:30:00,P,0.31551666666666667,0.08325308861961749
821,850.0,2 days 00:30:00,P,0.2358,0.04818477692459235
822,850.0,2 days 04:30:00,C,0.2066,
823,850.0,2 days 04:30:00,P,0.24512068965517242,0.04432132975144091
824,850.0,5 days 00:30:00,P,0.17525714285714283,0.03360184780371722
825,850.0,5 days 04:30:00,C,0.16656666666666667,0.17951396417363563
826,850.0,5 days 04:30:00,P,0.1785925925925926,0.029148663063759184
827,850.0,6 days 00:00:00,P,0.18065925925925924,0.04219965602538687
828,850.0,6 days 04:30:00,C,0.24305,0.10967226176203351
829,850.0,6 days 04:30:00,P,0.1652794117647059,0.023852206294136383
830,900.0,0 days 00:45:00,C,2.1483,
831,900.0,0 days 00:45:00,P,1.625,0.37371196127499057
832,900.0,0 days 01:00:00,C,0.0,
833,900.0,0 days 01:00:00,P,1.52575,0.41174827868492664
834,900.0,0 days 01:30:00,C,0.0,
835,900.0,0 days 01:30:00,P,0.9415333333333334,0.09765579006558361
836,900.0,0 days 04:30:00,C,0.0,
837,900.0,0 days 04:30:00,P,0.7284307692307692,0.13952565107424617
838,900.0,1 days 00:30:00,P,0.33546363636363635,0.10282364779297876
839,900.0,1 days 04:30:00,C,0.4951,
840,900.0,1 days 04:30:00,P,0.32929285714285716,0.09853600251283176
841,900.0,2 days 00:30:00,P,0.24648571428571428,0.053479261668159084
842,900.0,2 days 04:30:00,C,0.2843,
843,900.0,2 days 04:30:00,P,0.26078636363636365,0.07358458880741749
844,900.0,5 days 00:30:00,P,0.19756,0.051202933943715036
845,900.0,5 days 04:30:00,C,0.18936666666666668,0.18149342504160676
846,900.0,5 days 04:30:00,P,0.18766521739130435,0.033509464181381954
847,900.0,6 days 00:00:00,P,0.16700526315789474,0.020645216655686468
848,900.0,6 days 04:30:00,C,0.0,
849,900.0,6 days 04:30:00,P,0.18401470588235294,0.034568431318911
850,950.0,0 days 00:45:00,C,0.0,
851,950.0,0 days 00:45:00,P,1.4731,
852,950.0,0 days 01:00:00,C,3.2176,
853,950.0,0 days 01:00:00,P,1.4477666666666666,0.12739090757716318
854,950.0,0 days 01:30:00,P,1.1715666666666669,0.22417371240476286
855,950.0,0 days 04:30:00,C,1.00175,0.06300321420372128
856,950.0,0 days 04:30:00,P,0.7036714285714286,0.14231037276952857
857,950.0,1 days 00:30:00,C,0.0,
858,950.0,1 days 00:30:00,P,0.36336666666666667,0.14782753013788283
859,950.0,1 days 04:30:00,C,0.0,
860,950.0,1 days 04:30:00,P,0.3420166666666667,0.0991359932189876
861,950.0,2 days 00:30:00,P,0.2578285714285714,0.06063787909345429
862,950.0,2 days 04:30:00,C,0.0,
863,950.0,2 days 04:30:00,P,0.26540625,0.047721867367067676
864,950.0,5 days 00:30:00,P,0.18866,0.03686127748434363
865,950.0,5 days 04:30:00,C,0.0,0.0
866,950.0,5 days 04:30:00,P,0.19164705882352942,0.028538463467026813
867,950.0,6 days 00:00:00,C,0.0,
868,950.0,6 days 00:00:00,P,0.1931421052631579,0.045320700639252566
869,950.0,6 days 04:30:00,C,0.0,
870,950.0,6 days 04:30:00,P,0.175875,0.02327881925540739
871,1000.0,0 days 00:45:00,P,1.4783,0.09729789309126889
872,1000.0,0 days 01:00:00,C,0.0,
873,1000.0,0 days 01:00:00,P,1.2305000000000001,0.06095260453828036
874,1000.0,0 days 01:30:00,P,1.28855,0.3751201474194635
875,1000.0,0 days 04:30:00,C,0.0,0.0
876,1000.0,0 days 04:30:00,P,0.7482111111111112,0.12440032600886185
877,1000.0,1 days 00:30:00,C,0.0,
878,1000.0,1 days 00:30:00,P,0.358025,0.12095024655972035
879,1000.0,1 days 04:30:00,C,0.34705,0.49080281682158267
880,1000.0,1 days 04:30:00,P,0.37965,0.12534311765253464
881,1000.0,2 days 00:30:00,P,0.274675,0.06010005348226761
882,1000.0,2 days 04:30:00,C,0.2537,
883,1000.0,2 days 04:30:00,P,0.28626315789473683,0.08070793166670875
884,1000.0,5 days 00:30:00,P,0.19458333333333333,0.04139745966441259
885,1000.0,5 days 04:30:00,P,0.2044235294117647,0.03623138365788292
886,1000.0,6 days 00:00:00,P,0.17555384615384614,0.0235321629330517
887,1000.0,6 days 04:30:00,P,0.19591923076923076,0.03477568137915654
