,年,月,日,種類,結算日,到期月份(週別)
0,2024,08,07,TX1,2024-08-07 13:30:00,202408W1
1,2024,07,31,TX5,2024-07-31 13:30:00,202407W5
2,2024,07,26,TX4,2024-07-26 13:30:00,202407W4
3,2024,07,17,TXO,2024-07-17 13:30:00,202407
4,2024,07,10,TX2,2024-07-10 13:30:00,202407W2
5,2024,07,03,TX1,2024-07-03 13:30:00,202407W1
6,2024,06,26,TX4,2024-06-26 13:30:00,202406W4
7,2024,06,19,TXO,2024-06-19 13:30:00,202406
8,2024,06,12,TX2,2024-06-12 13:30:00,202406W2
9,2024,06,05,TX1,2024-06-05 13:30:00,202406W1
10,2024,05,29,TX5,2024-05-29 13:30:00,202405W5
11,2024,05,22,TX4,2024-05-22 13:30:00,202405W4
12,2024,05,15,TXO,2024-05-15 13:30:00,202405
13,2024,05,08,TX2,2024-05-08 13:30:00,202405W2
14,2024,05,02,TX1,2024-05-02 13:30:00,202405W1
15,2024,04,24,TX4,2024-04-24 13:30:00,202404W4
16,2024,04,17,TXO,2024-04-17 13:30:00,202404
17,2024,04,10,TX2,2024-04-10 13:30:00,202404W2
18,2024,04,03,TX1,2024-04-03 13:30:00,202404W1
19,2024,03,27,TX4,2024-03-27 13:30:00,202403W4
20,2024,03,20,TXO,2024-03-20 13:30:00,202403
21,2024,03,13,TX2,2024-03-13 13:30:00,202403W2
22,2024,03,06,TX1,2024-03-06 13:30:00,202403W1
23,2024,02,29,TX4,2024-02-29 13:30:00,202402W4
24,2024,02,21,TXO,2024-02-21 13:30:00,202402
25,2024,02,15,TX1,2024-02-15 13:30:00,202402W1
26,2024,01,31,TX5,2024-01-31 13:30:00,202401W5
27,2024,01,24,TX4,2024-01-24 13:30:00,202401W4
28,2024,01,17,TXO,2024-01-17 13:30:00,202401
29,2024,01,10,TX2,2024-01-10 13:30:00,202401W2
30,2024,01,03,TX1,2024-01-03 13:30:00,202401W1
31,2023,12,27,TX4,2023-12-27 13:30:00,202312W4
32,2023,12,20,TXO,2023-12-20 13:30:00,202312
33,2023,12,13,TX2,2023-12-13 13:30:00,202312W2
34,2023,12,06,TX1,2023-12-06 13:30:00,202312W1
35,2023,11,29,TX5,2023-11-29 13:30:00,202311W5
36,2023,11,22,TX4,2023-11-22 13:30:00,202311W4
37,2023,11,15,TXO,2023-11-15 13:30:00,202311
38,2023,11,08,TX2,2023-11-08 13:30:00,202311W2
39,2023,11,01,TX1,2023-11-01 13:30:00,202311W1
40,2023,10,25,TX4,2023-10-25 13:30:00,202310W4
41,2023,10,18,TXO,2023-10-18 13:30:00,202310
42,2023,10,11,TX2,2023-10-11 13:30:00,202310W2
43,2023,10,04,TX1,2023-10-04 13:30:00,202310W1
44,2023,09,27,TX4,2023-09-27 13:30:00,202309W4
45,2023,09,20,TXO,2023-09-20 13:30:00,202309
46,2023,09,13,TX2,2023-09-13 13:30:00,202309W2
47,2023,09,06,TX1,2023-09-06 13:30:00,202309W1
48,2023,08,30,TX5,2023-08-30 13:30:00,202308W5
49,2023,08,23,TX4,2023-08-23 13:30:00,202308W4
50,2023,08,16,TXO,2023-08-16 13:30:00,202308
51,2023,08,09,TX2,2023-08-09 13:30:00,202308W2
52,2023,08,02,TX1,2023-08-02 13:30:00,202308W1
53,2023,07,26,TX4,2023-07-26 13:30:00,202307W4
54,2023,07,19,TXO,2023-07-19 13:30:00,202307
55,2023,07,12,TX2,2023-07-12 13:30:00,202307W2
56,2023,07,05,TX1,2023-07-05 13:30:00,202307W1
57,2023,06,28,TX4,2023-06-28 13:30:00,202306W4
58,2023,06,21,TXO,2023-06-21 13:30:00,202306
59,2023,06,14,TX2,2023-06-14 13:30:00,202306W2
60,2023,06,07,TX1,2023-06-07 13:30:00,202306W1
61,2023,05,31,TX5,2023-05-31 13:30:00,202305W5
62,2023,05,24,TX4,2023-05-24 13:30:00,202305W4
63,2023,05,17,TXO,2023-05-17 13:30:00,202305
64,2023,05,10,TX2,2023-05-10 13:30:00,202305W2
65,2023,05,03,TX1,2023-05-03 13:30:00,202305W1
66,2023,04,26,TX4,2023-04-26 13:30:00,202304W4
67,2023,04,19,TXO,2023-04-19 13:30:00,202304
68,2023,04,12,TX2,2023-04-12 13:30:00,202304W2
69,2023,04,06,TX1,2023-04-06 13:30:00,202304W1
70,2023,03,29,TX5,2023-03-29 13:30:00,202303W5
71,2023,03,22,TX4,2023-03-22 13:30:00,202303W4
72,2023,03,15,TXO,2023-03-15 13:30:00,202303
73,2023,03,08,TX2,2023-03-08 13:30:00,202303W2
74,2023,03,01,TX1,2023-03-01 13:30:00,202303W1
75,2023,02,22,TX4,2023-02-22 13:30:00,202302W4
76,2023,02,15,TXO,2023-02-15 13:30:00,202302
77,2023,02,08,TX2,2023-02-08 13:30:00,202302W2
78,2023,02,01,TX1,2023-02-01 13:30:00,202302W1
79,2023,01,30,TXO,2023-01-30 13:30:00,202301
80,2023,01,11,TX2,2023-01-11 13:30:00,202301W2
81,2023,01,04,TX1,2023-01-04 13:30:00,202301W1
82,2022,12,28,TX4,2022-12-28 13:30:00,202212W4
83,2022,12,21,TXO,2022-12-21 13:30:00,202212
84,2022,12,14,TX2,2022-12-14 13:30:00,202212W2
85,2022,12,07,TX1,2022-12-07 13:30:00,202212W1
86,2022,11,30,TX5,2022-11-30 13:30:00,202211W5
87,2022,11,23,TX4,2022-11-23 13:30:00,202211W4
88,2022,11,16,TXO,2022-11-16 13:30:00,202211
89,2022,11,09,TX2,2022-11-09 13:30:00,202211W2
90,2022,11,02,TX1,2022-11-02 13:30:00,202211W1
91,2022,10,26,TX4,2022-10-26 13:30:00,202210W4
92,2022,10,19,TXO,2022-10-19 13:30:00,202210
93,2022,10,12,TX2,2022-10-12 13:30:00,202210W2
94,2022,10,05,TX1,2022-10-05 13:30:00,202210W1
95,2022,09,28,TX4,2022-09-28 13:30:00,202209W4
96,2022,09,21,TXO,2022-09-21 13:30:00,202209
97,2022,09,14,TX2,2022-09-14 13:30:00,202209W2
98,2022,09,07,TX1,2022-09-07 13:30:00,202209W1
99,2022,08,31,TX5,2022-08-31 13:30:00,202208W5
100,2022,08,24,TX4,2022-08-24 13:30:00,202208W4
101,2022,08,17,TXO,2022-08-17 13:30:00,202208
102,2022,08,10,TX2,2022-08-10 13:30:00,202208W2
103,2022,08,03,TX1,2022-08-03 13:30:00,202208W1
104,2022,07,27,TX4,2022-07-27 13:30:00,202207W4
105,2022,07,20,TXO,2022-07-20 13:30:00,202207
106,2022,07,13,TX2,2022-07-13 13:30:00,202207W2
107,2022,07,06,TX1,2022-07-06 13:30:00,202207W1
108,2022,06,29,TX5,2022-06-29 13:30:00,202206W5
109,2022,06,22,TX4,2022-06-22 13:30:00,202206W4
110,2022,06,15,TXO,2022-06-15 13:30:00,202206
111,2022,06,08,TX2,2022-06-08 13:30:00,202206W2
112,2022,06,01,TX1,2022-06-01 13:30:00,202206W1
113,2022,05,25,TX4,2022-05-25 13:30:00,202205W4
114,2022,05,18,TXO,2022-05-18 13:30:00,202205
115,2022,05,11,TX2,2022-05-11 13:30:00,202205W2
116,2022,05,04,TX1,2022-05-04 13:30:00,202205W1
117,2022,04,27,TX4,2022-04-27 13:30:00,202204W4
118,2022,04,20,TXO,2022-04-20 13:30:00,202204
119,2022,04,13,TX2,2022-04-13 13:30:00,202204W2
120,2022,04,06,TX1,2022-04-06 13:30:00,202204W1
121,2022,03,30,TX5,2022-03-30 13:30:00,202203W5
122,2022,03,23,TX4,2022-03-23 13:30:00,202203W4
123,2022,03,16,TXO,2022-03-16 13:30:00,202203
124,2022,03,09,TX2,2022-03-09 13:30:00,202203W2
125,2022,03,02,TX1,2022-03-02 13:30:00,202203W1
126,2022,02,23,TX4,2022-02-23 13:30:00,202202W4
127,2022,02,16,TXO,2022-02-16 13:30:00,202202
128,2022,02,09,TX2,2022-02-09 13:30:00,202202W2
129,2022,02,07,TX1,2022-02-07 13:30:00,202202W1
130,2022,01,26,TX4,2022-01-26 13:30:00,202201W4
131,2022,01,19,TXO,2022-01-19 13:30:00,202201
132,2022,01,12,TX2,2022-01-12 13:30:00,202201W2
133,2022,01,05,TX1,2022-01-05 13:30:00,202201W1
134,2021,12,29,TX5,2021-12-29 13:30:00,202112W5
135,2021,12,22,TX4,2021-12-22 13:30:00,202112W4
136,2021,12,15,TXO,2021-12-15 13:30:00,202112
137,2021,12,08,TX2,2021-12-08 13:30:00,202112W2
138,2021,12,01,TX1,2021-12-01 13:30:00,202112W1
139,2021,11,24,TX4,2021-11-24 13:30:00,202111W4
140,2021,11,17,TXO,2021-11-17 13:30:00,202111
141,2021,11,10,TX2,2021-11-10 13:30:00,202111W2
142,2021,11,03,TX1,2021-11-03 13:30:00,202111W1
143,2021,10,27,TX4,2021-10-27 13:30:00,202110W4
144,2021,10,20,TXO,2021-10-20 13:30:00,202110
145,2021,10,13,TX2,2021-10-13 13:30:00,202110W2
146,2021,10,06,TX1,2021-10-06 13:30:00,202110W1
147,2021,09,29,TX5,2021-09-29 13:30:00,202109W5
148,2021,09,22,TX4,2021-09-22 13:30:00,202109W4
149,2021,09,15,TXO,2021-09-15 13:30:00,202109
150,2021,09,08,TX2,2021-09-08 13:30:00,202109W2
151,2021,09,01,TX1,2021-09-01 13:30:00,202109W1
152,2021,08,25,TX4,2021-08-25 13:30:00,202108W4
153,2021,08,18,TXO,2021-08-18 13:30:00,202108
154,2021,08,11,TX2,2021-08-11 13:30:00,202108W2
155,2021,08,04,TX1,2021-08-04 13:30:00,202108W1
156,2021,07,28,TX4,2021-07-28 13:30:00,202107W4
157,2021,07,21,TXO,2021-07-21 13:30:00,202107
158,2021,07,14,TX2,2021-07-14 13:30:00,202107W2
159,2021,07,07,TX1,2021-07-07 13:30:00,202107W1
160,2021,06,30,TX5,2021-06-30 13:30:00,202106W5
161,2021,06,23,TX4,2021-06-23 13:30:00,202106W4
162,2021,06,16,TXO,2021-06-16 13:30:00,202106
163,2021,06,09,TX2,2021-06-09 13:30:00,202106W2
164,2021,06,02,TX1,2021-06-02 13:30:00,202106W1
165,2021,05,26,TX4,2021-05-26 13:30:00,202105W4
166,2021,05,19,TXO,2021-05-19 13:30:00,202105
167,2021,05,12,TX2,2021-05-12 13:30:00,202105W2
168,2021,05,05,TX1,2021-05-05 13:30:00,202105W1
169,2021,04,28,TX4,2021-04-28 13:30:00,202104W4
170,2021,04,21,TXO,2021-04-21 13:30:00,202104
171,2021,04,14,TX2,2021-04-14 13:30:00,202104W2
172,2021,04,07,TX1,2021-04-07 13:30:00,202104W1
173,2021,03,31,TX5,2021-03-31 13:30:00,202103W5
174,2021,03,24,TX4,2021-03-24 13:30:00,202103W4
175,2021,03,17,TXO,2021-03-17 13:30:00,202103
176,2021,03,10,TX2,2021-03-10 13:30:00,202103W2
177,2021,03,03,TX1,2021-03-03 13:30:00,202103W1
178,2021,02,24,TX4,2021-02-24 13:30:00,202102W4
179,2021,02,17,TXO,2021-02-17 13:30:00,202102
180,2021,02,03,TX1,2021-02-03 13:30:00,202102W1
181,2021,01,27,TX4,2021-01-27 13:30:00,202101W4
182,2021,01,20,TXO,2021-01-20 13:30:00,202101
183,2021,01,13,TX2,2021-01-13 13:30:00,202101W2
184,2021,01,06,TX1,2021-01-06 13:30:00,202101W1
185,2020,12,30,TX5,2020-12-30 13:30:00,202012W5
186,2020,12,23,TX4,2020-12-23 13:30:00,202012W4
187,2020,12,16,TXO,2020-12-16 13:30:00,202012
188,2020,12,09,TX2,2020-12-09 13:30:00,202012W2
189,2020,12,02,TX1,2020-12-02 13:30:00,202012W1
190,2020,11,25,TX4,2020-11-25 13:30:00,202011W4
191,2020,11,18,TXO,2020-11-18 13:30:00,202011
192,2020,11,11,TX2,2020-11-11 13:30:00,202011W2
193,2020,11,04,TX1,2020-11-04 13:30:00,202011W1
194,2020,10,28,TX4,2020-10-28 13:30:00,202010W4
195,2020,10,21,TXO,2020-10-21 13:30:00,202010
196,2020,10,14,TX2,2020-10-14 13:30:00,202010W2
197,2020,10,07,TX1,2020-10-07 13:30:00,202010W1
198,2020,09,30,TX5,2020-09-30 13:30:00,202009W5
199,2020,09,23,TX4,2020-09-23 13:30:00,202009W4
200,2020,09,16,TXO,2020-09-16 13:30:00,202009
201,2020,09,09,TX2,2020-09-09 13:30:00,202009W2
202,2020,09,02,TX1,2020-09-02 13:30:00,202009W1
203,2020,08,26,TX4,2020-08-26 13:30:00,202008W4
204,2020,08,19,TXO,2020-08-19 13:30:00,202008
205,2020,08,12,TX2,2020-08-12 13:30:00,202008W2
206,2020,08,05,TX1,2020-08-05 13:30:00,202008W1
207,2020,07,29,TX5,2020-07-29 13:30:00,202007W5
208,2020,07,22,TX4,2020-07-22 13:30:00,202007W4
209,2020,07,15,TXO,2020-07-15 13:30:00,202007
210,2020,07,08,TX2,2020-07-08 13:30:00,202007W2
211,2020,07,01,TX1,2020-07-01 13:30:00,202007W1
212,2020,06,24,TX4,2020-06-24 13:30:00,202006W4
213,2020,06,17,TXO,2020-06-17 13:30:00,202006
214,2020,06,10,TX2,2020-06-10 13:30:00,202006W2
215,2020,06,03,TX1,2020-06-03 13:30:00,202006W1
216,2020,05,27,TX4,2020-05-27 13:30:00,202005W4
217,2020,05,20,TXO,2020-05-20 13:30:00,202005
218,2020,05,13,TX2,2020-05-13 13:30:00,202005W2
219,2020,05,06,TX1,2020-05-06 13:30:00,202005W1
220,2020,04,29,TX5,2020-04-29 13:30:00,202004W5
221,2020,04,22,TX4,2020-04-22 13:30:00,202004W4
222,2020,04,15,TXO,2020-04-15 13:30:00,202004
223,2020,04,08,TX2,2020-04-08 13:30:00,202004W2
224,2020,04,01,TX1,2020-04-01 13:30:00,202004W1
225,2020,03,25,TX4,2020-03-25 13:30:00,202003W4
226,2020,03,18,TXO,2020-03-18 13:30:00,202003
227,2020,03,11,TX2,2020-03-11 13:30:00,202003W2
228,2020,03,04,TX1,2020-03-04 13:30:00,202003W1
229,2020,02,26,TX4,2020-02-26 13:30:00,202002W4
230,2020,02,19,TXO,2020-02-19 13:30:00,202002
231,2020,02,12,TX2,2020-02-12 13:30:00,202002W2
232,2020,02,05,TX1,2020-02-05 13:30:00,202002W1
233,2020,01,30,TX4,2020-01-30 13:30:00,202001W4
234,2020,01,15,TXO,2020-01-15 13:30:00,202001
235,2020,01,08,TX2,2020-01-08 13:30:00,202001W2
236,2020,01,02,TX1,2020-01-02 13:30:00,202001W1
237,2019,12,25,TX4,2019-12-25 13:30:00,201912W4
238,2019,12,18,TXO,2019-12-18 13:30:00,201912
239,2019,12,11,TX2,2019-12-11 13:30:00,201912W2
240,2019,12,04,TX1,2019-12-04 13:30:00,201912W1
241,2019,11,27,TX4,2019-11-27 13:30:00,201911W4
242,2019,11,20,TXO,2019-11-20 13:30:00,201911
243,2019,11,13,TX2,2019-11-13 13:30:00,201911W2
244,2019,11,06,TX1,2019-11-06 13:30:00,201911W1
245,2019,10,30,TX5,2019-10-30 13:30:00,201910W5
246,2019,10,23,TX4,2019-10-23 13:30:00,201910W4
247,2019,10,16,TXO,2019-10-16 13:30:00,201910
248,2019,10,09,TX2,2019-10-09 13:30:00,201910W2
249,2019,10,02,TX1,2019-10-02 13:30:00,201910W1
250,2019,09,25,TX4,2019-09-25 13:30:00,201909W4
251,2019,09,18,TXO,2019-09-18 13:30:00,201909
252,2019,09,11,TX2,2019-09-11 13:30:00,201909W2
253,2019,09,04,TX1,2019-09-04 13:30:00,201909W1
254,2019,08,28,TX4,2019-08-28 13:30:00,201908W4
255,2019,08,21,TXO,2019-08-21 13:30:00,201908
256,2019,08,14,TX2,2019-08-14 13:30:00,201908W2
257,2019,08,07,TX1,2019-08-07 13:30:00,201908W1
258,2019,07,31,TX5,2019-07-31 13:30:00,201907W5
259,2019,07,24,TX4,2019-07-24 13:30:00,201907W4
260,2019,07,17,TXO,2019-07-17 13:30:00,201907
261,2019,07,10,TX2,2019-07-10 13:30:00,201907W2
262,2019,07,03,TX1,2019-07-03 13:30:00,201907W1
263,2019,06,26,TX4,2019-06-26 13:30:00,201906W4
264,2019,06,19,TXO,2019-06-19 13:30:00,201906
265,2019,06,12,TX2,2019-06-12 13:30:00,201906W2
266,2019,06,05,TX1,2019-06-05 13:30:00,201906W1
267,2019,05,29,TX5,2019-05-29 13:30:00,201905W5
268,2019,05,22,TX4,2019-05-22 13:30:00,201905W4
269,2019,05,15,TXO,2019-05-15 13:30:00,201905
270,2019,05,08,TX2,2019-05-08 13:30:00,201905W2
271,2019,05,02,TX1,2019-05-02 13:30:00,201905W1
272,2019,04,24,TX4,2019-04-24 13:30:00,201904W4
273,2019,04,17,TXO,2019-04-17 13:30:00,201904
274,2019,04,10,TX2,2019-04-10 13:30:00,201904W2
275,2019,04,03,TX1,2019-04-03 13:30:00,201904W1
276,2019,03,27,TX4,2019-03-27 13:30:00,201903W4
277,2019,03,20,TXO,2019-03-20 13:30:00,201903
278,2019,03,13,TX2,2019-03-13 13:30:00,201903W2
279,2019,03,06,TX1,2019-03-06 13:30:00,201903W1
280,2019,02,27,TX4,2019-02-27 13:30:00,201902W4
281,2019,02,20,TXO,2019-02-20 13:30:00,201902
282,2019,02,13,TX2,2019-02-13 13:30:00,201902W2
283,2019,02,11,TX1,2019-02-11 13:30:00,201902W1
284,2019,01,30,TX5,2019-01-30 13:30:00,201901W5
285,2019,01,23,TX4,2019-01-23 13:30:00,201901W4
286,2019,01,16,TXO,2019-01-16 13:30:00,201901
287,2019,01,09,TX2,2019-01-09 13:30:00,201901W2
288,2019,01,02,TX1,2019-01-02 13:30:00,201901W1
289,2018,12,26,TX4,2018-12-26 13:30:00,201812W4
290,2018,12,19,TXO,2018-12-19 13:30:00,201812
291,2018,12,12,TX2,2018-12-12 13:30:00,201812W2
292,2018,12,05,TX1,2018-12-05 13:30:00,201812W1
293,2018,11,28,TX4,2018-11-28 13:30:00,201811W4
294,2018,11,21,TXO,2018-11-21 13:30:00,201811
295,2018,11,14,TX2,2018-11-14 13:30:00,201811W2
296,2018,11,07,TX1,2018-11-07 13:30:00,201811W1
297,2018,10,31,TX5,2018-10-31 13:30:00,201810W5
298,2018,10,24,TX4,2018-10-24 13:30:00,201810W4
299,2018,10,17,TXO,2018-10-17 13:30:00,201810
300,2018,10,11,TX2,2018-10-11 13:30:00,201810W2
301,2018,10,03,TX1,2018-10-03 13:30:00,201810W1
302,2018,09,26,TX4,2018-09-26 13:30:00,201809W4
303,2018,09,19,TXO,2018-09-19 13:30:00,201809
304,2018,09,12,TX2,2018-09-12 13:30:00,201809W2
305,2018,09,05,TX1,2018-09-05 13:30:00,201809W1
306,2018,08,29,TX5,2018-08-29 13:30:00,201808W5
307,2018,08,22,TX4,2018-08-22 13:30:00,201808W4
308,2018,08,15,TXO,2018-08-15 13:30:00,201808
309,2018,08,08,TX2,2018-08-08 13:30:00,201808W2
310,2018,08,01,TX1,2018-08-01 13:30:00,201808W1
311,2018,07,25,TX4,2018-07-25 13:30:00,201807W4
312,2018,07,18,TXO,2018-07-18 13:30:00,201807
313,2018,07,11,TX2,2018-07-11 13:30:00,201807W2
314,2018,07,04,TX1,2018-07-04 13:30:00,201807W1
315,2018,06,27,TX4,2018-06-27 13:30:00,201806W4
316,2018,06,20,TXO,2018-06-20 13:30:00,201806
317,2018,06,13,TX2,2018-06-13 13:30:00,201806W2
318,2018,06,06,TX1,2018-06-06 13:30:00,201806W1
319,2018,05,30,TX5,2018-05-30 13:30:00,201805W5
320,2018,05,23,TX4,2018-05-23 13:30:00,201805W4
321,2018,05,16,TXO,2018-05-16 13:30:00,201805
322,2018,05,09,TX2,2018-05-09 13:30:00,201805W2
323,2018,05,02,TX1,2018-05-02 13:30:00,201805W1
324,2018,04,25,TX4,2018-04-25 13:30:00,201804W4
325,2018,04,18,TXO,2018-04-18 13:30:00,201804
326,2018,04,11,TX2,2018-04-11 13:30:00,201804W2
327,2018,04,09,TX1,2018-04-09 13:30:00,201804W1
328,2018,03,28,TX4,2018-03-28 13:30:00,201803W4
329,2018,03,21,TXO,2018-03-21 13:30:00,201803
330,2018,03,14,TX2,2018-03-14 13:30:00,201803W2
331,2018,03,07,TX1,2018-03-07 13:30:00,201803W1
332,2018,03,01,TX4,2018-03-01 13:30:00,201802W4
333,2018,02,21,TXO,2018-02-21 13:30:00,201802
334,2018,02,07,TX1,2018-02-07 13:30:00,201802W1
335,2018,01,31,TX5,2018-01-31 13:30:00,201801W5
336,2018,01,24,TX4,2018-01-24 13:30:00,201801W4
337,2018,01,17,TXO,2018-01-17 13:30:00,201801
338,2018,01,10,TX2,2018-01-10 13:30:00,201801W2
339,2018,01,03,TX1,2018-01-03 13:30:00,201801W1
340,2017,12,27,TX4,2017-12-27 13:30:00,201712W4
341,2017,12,20,TXO,2017-12-20 13:30:00,201712
342,2017,12,13,TX2,2017-12-13 13:30:00,201712W2
343,2017,12,06,TX1,2017-12-06 13:30:00,201712W1
344,2017,11,29,TX5,2017-11-29 13:30:00,201711W5
345,2017,11,22,TX4,2017-11-22 13:30:00,201711W4
346,2017,11,15,TXO,2017-11-15 13:30:00,201711
347,2017,11,08,TX2,2017-11-08 13:30:00,201711W2
348,2017,11,01,TX1,2017-11-01 13:30:00,201711W1
349,2017,10,25,TX4,2017-10-25 13:30:00,201710W4
350,2017,10,18,TXO,2017-10-18 13:30:00,201710
351,2017,10,11,TX2,2017-10-11 13:30:00,201710W2
352,2017,10,05,TX1,2017-10-05 13:30:00,201710W1
353,2017,09,27,TX4,2017-09-27 13:30:00,201709W4
354,2017,09,20,TXO,2017-09-20 13:30:00,201709
355,2017,09,13,TX2,2017-09-13 13:30:00,201709W2
356,2017,09,06,TX1,2017-09-06 13:30:00,201709W1
357,2017,08,30,TX5,2017-08-30 13:30:00,201708W5
358,2017,08,23,TX4,2017-08-23 13:30:00,201708W4
359,2017,08,16,TXO,2017-08-16 13:30:00,201708
360,2017,08,09,TX2,2017-08-09 13:30:00,201708W2
361,2017,08,02,TX1,2017-08-02 13:30:00,201708W1
362,2017,07,26,TX4,2017-07-26 13:30:00,201707W4
363,2017,07,19,TXO,2017-07-19 13:30:00,201707
364,2017,07,12,TX2,2017-07-12 13:30:00,201707W2
365,2017,07,05,TX1,2017-07-05 13:30:00,201707W1
366,2017,06,28,TX4,2017-06-28 13:30:00,201706W4
367,2017,06,21,TXO,2017-06-21 13:30:00,201706
368,2017,06,14,TX2,2017-06-14 13:30:00,201706W2
369,2017,06,07,TX1,2017-06-07 13:30:00,201706W1
370,2017,05,31,TX5,2017-05-31 13:30:00,201705W5
371,2017,05,24,TX4,2017-05-24 13:30:00,201705W4
372,2017,05,17,TXO,2017-05-17 13:30:00,201705
373,2017,05,10,TX2,2017-05-10 13:30:00,201705W2
374,2017,05,03,TX1,2017-05-03 13:30:00,201705W1
375,2017,04,26,TX4,2017-04-26 13:30:00,201704W4
376,2017,04,19,TXO,2017-04-19 13:30:00,201704
377,2017,04,12,TX2,2017-04-12 13:30:00,201704W2
378,2017,04,05,TX1,2017-04-05 13:30:00,201704W1
379,2017,03,29,TX5,2017-03-29 13:30:00,201703W5
380,2017,03,22,TX4,2017-03-22 13:30:00,201703W4
381,2017,03,15,TXO,2017-03-15 13:30:00,201703
382,2017,03,08,TX2,2017-03-08 13:30:00,201703W2
383,2017,03,01,TX1,2017-03-01 13:30:00,201703W1
384,2017,02,22,TX4,2017-02-22 13:30:00,201702W4
385,2017,02,15,TXO,2017-02-15 13:30:00,201702
386,2017,02,08,TX2,2017-02-08 13:30:00,201702W2
387,2017,02,02,TX4,2017-02-02 13:30:00,201701W4
388,2017,01,18,TXO,2017-01-18 13:30:00,201701
389,2017,01,11,TX2,2017-01-11 13:30:00,201701W2
390,2017,01,04,TX1,2017-01-04 13:30:00,201701W1
391,2016,12,28,TX4,2016-12-28 13:30:00,201612W4
392,2016,12,21,TXO,2016-12-21 13:30:00,201612
393,2016,12,14,TX2,2016-12-14 13:30:00,201612W2
394,2016,12,07,TX1,2016-12-07 13:30:00,201612W1
395,2016,11,30,TX5,2016-11-30 13:30:00,201611W5
396,2016,11,23,TX4,2016-11-23 13:30:00,201611W4
397,2016,11,16,TXO,2016-11-16 13:30:00,201611
398,2016,11,09,TX2,2016-11-09 13:30:00,201611W2
399,2016,11,02,TX1,2016-11-02 13:30:00,201611W1
400,2016,10,26,TX4,2016-10-26 13:30:00,201610W4
401,2016,10,19,TXO,2016-10-19 13:30:00,201610
402,2016,10,12,TX2,2016-10-12 13:30:00,201610W2
403,2016,10,05,TX1,2016-10-05 13:30:00,201610W1
404,2016,09,29,TX4,2016-09-29 13:30:00,201609W4
405,2016,09,21,TXO,2016-09-21 13:30:00,201609
406,2016,09,14,TX2,2016-09-14 13:30:00,201609W2
407,2016,09,07,TX1,2016-09-07 13:30:00,201609W1
408,2016,08,31,TX5,2016-08-31 13:30:00,201608W5
409,2016,08,24,TX4,2016-08-24 13:30:00,201608W4
410,2016,08,17,TXO,2016-08-17 13:30:00,201608
411,2016,08,10,TX2,2016-08-10 13:30:00,201608W2
412,2016,08,03,TX1,2016-08-03 13:30:00,201608W1
413,2016,07,27,TX4,2016-07-27 13:30:00,201607W4
414,2016,07,20,TXO,2016-07-20 13:30:00,201607
415,2016,07,13,TX2,2016-07-13 13:30:00,201607W2
416,2016,07,06,TX1,2016-07-06 13:30:00,201607W1
417,2016,06,29,TX5,2016-06-29 13:30:00,201606W5
418,2016,06,22,TX4,2016-06-22 13:30:00,201606W4
419,2016,06,15,TXO,2016-06-15 13:30:00,201606
420,2016,06,08,TX2,2016-06-08 13:30:00,201606W2
421,2016,06,01,TX1,2016-06-01 13:30:00,201606W1
422,2016,05,25,TX4,2016-05-25 13:30:00,201605W4
423,2016,05,18,TXO,2016-05-18 13:30:00,201605
424,2016,05,11,TX2,2016-05-11 13:30:00,201605W2
425,2016,05,04,TX1,2016-05-04 13:30:00,201605W1
426,2016,04,27,TX4,2016-04-27 13:30:00,201604W4
427,2016,04,20,TXO,2016-04-20 13:30:00,201604
428,2016,04,13,TX2,2016-04-13 13:30:00,201604W2
429,2016,04,06,TX1,2016-04-06 13:30:00,201604W1
430,2016,03,30,TX5,2016-03-30 13:30:00,201603W5
431,2016,03,23,TX4,2016-03-23 13:30:00,201603W4
432,2016,03,16,TXO,2016-03-16 13:30:00,201603
433,2016,03,09,TX2,2016-03-09 13:30:00,201603W2
434,2016,03,02,TX1,2016-03-02 13:30:00,201603W1
435,2016,02,24,TX4,2016-02-24 13:30:00,201602W4
436,2016,02,17,TXO,2016-02-17 13:30:00,201602
437,2016,02,15,TX2,2016-02-15 13:30:00,201602W2
438,2016,02,03,TX1,2016-02-03 13:30:00,201602W1
439,2016,01,27,TX4,2016-01-27 13:30:00,201601W4
440,2016,01,20,TXO,2016-01-20 13:30:00,201601
441,2016,01,13,TX2,2016-01-13 13:30:00,201601W2
442,2016,01,06,TX1,2016-01-06 13:30:00,201601W1
443,2015,12,30,TX5,2015-12-30 13:30:00,201512W5
444,2015,12,23,TX4,2015-12-23 13:30:00,201512W4
445,2015,12,16,TXO,2015-12-16 13:30:00,201512
446,2015,12,09,TX2,2015-12-09 13:30:00,201512W2
447,2015,12,02,TX1,2015-12-02 13:30:00,201512W1
448,2015,11,25,TX4,2015-11-25 13:30:00,201511W4
449,2015,11,18,TXO,2015-11-18 13:30:00,201511
450,2015,11,11,TX2,2015-11-11 13:30:00,201511W2
451,2015,11,04,TX1,2015-11-04 13:30:00,201511W1
452,2015,10,28,TX4,2015-10-28 13:30:00,201510W4
453,2015,10,21,TXO,2015-10-21 13:30:00,201510
454,2015,10,14,TX2,2015-10-14 13:30:00,201510W2
455,2015,10,07,TX1,2015-10-07 13:30:00,201510W1
456,2015,09,30,TX5,2015-09-30 13:30:00,201509W5
457,2015,09,23,TX4,2015-09-23 13:30:00,201509W4
458,2015,09,16,TXO,2015-09-16 13:30:00,201509
459,2015,09,09,TX2,2015-09-09 13:30:00,201509W2
460,2015,09,02,TX1,2015-09-02 13:30:00,201509W1
461,2015,08,26,TX4,2015-08-26 13:30:00,201508W4
462,2015,08,19,TXO,2015-08-19 13:30:00,201508
463,2015,08,12,TX2,2015-08-12 13:30:00,201508W2
464,2015,08,05,TX1,2015-08-05 13:30:00,201508W1
465,2015,07,29,TX5,2015-07-29 13:30:00,201507W5
466,2015,07,22,TX4,2015-07-22 13:30:00,201507W4
467,2015,07,15,TXO,2015-07-15 13:30:00,201507
468,2015,07,08,TX2,2015-07-08 13:30:00,201507W2
469,2015,07,01,TX1,2015-07-01 13:30:00,201507W1
470,2015,06,24,TX4,2015-06-24 13:30:00,201506W4
471,2015,06,17,TXO,2015-06-17 13:30:00,201506
472,2015,06,10,TX2,2015-06-10 13:30:00,201506W2
473,2015,06,03,TX1,2015-06-03 13:30:00,201506W1
474,2015,05,27,TX4,2015-05-27 13:30:00,201505W4
475,2015,05,20,TXO,2015-05-20 13:30:00,201505
476,2015,05,13,TX2,2015-05-13 13:30:00,201505W2
477,2015,05,06,TX1,2015-05-06 13:30:00,201505W1
478,2015,04,29,TX5,2015-04-29 13:30:00,201504W5
479,2015,04,22,TX4,2015-04-22 13:30:00,201504W4
480,2015,04,15,TXO,2015-04-15 13:30:00,201504
481,2015,04,08,TX2,2015-04-08 13:30:00,201504W2
482,2015,04,01,TX1,2015-04-01 13:30:00,201504W1
483,2015,03,25,TX4,2015-03-25 13:30:00,201503W4
484,2015,03,18,TXO,2015-03-18 13:30:00,201503
485,2015,03,11,TX2,2015-03-11 13:30:00,201503W2
486,2015,03,04,TX1,2015-03-04 13:30:00,201503W1
487,2015,02,25,TX4,2015-02-25 13:30:00,201502W4
488,2015,02,24,TXO,2015-02-24 13:30:00,201502
489,2015,02,11,TX2,2015-02-11 13:30:00,201502W2
490,2015,02,04,TX1,2015-02-04 13:30:00,201502W1
491,2015,01,28,TX4,2015-01-28 13:30:00,201501W4
492,2015,01,21,TXO,2015-01-21 13:30:00,201501
493,2015,01,14,TX2,2015-01-14 13:30:00,201501W2
494,2015,01,07,TX1,2015-01-07 13:30:00,201501W1
